query_id	passage_id	rel
0	0	1
1	1	1
2	2	1
3	3	1
4	4	1
5	5	1
6	6	1
6	7	1
6	8	1
6	9	1
6	10	1
7	11	1
8	12	1
9	13	1
10	14	1
10	15	1
10	16	1
10	17	1
10	18	1
11	19	1
12	20	1
12	21	1
12	22	1
12	23	1
13	24	1
14	25	1
14	26	1
15	27	1
16	28	1
17	29	1
18	30	1
19	31	1
20	32	1
21	33	1
21	34	1
22	35	1
23	36	1
23	37	1
24	38	1
24	39	1
24	40	1
25	41	1
26	42	1
27	43	1
28	44	1
28	45	1
29	46	1
30	47	1
31	48	1
32	49	1
33	50	1
34	51	1
35	52	1
35	53	1
35	54	1
35	55	1
35	56	1
35	57	1
35	58	1
35	59	1
35	60	1
35	61	1
36	62	1
37	63	1
37	64	1
37	65	1
37	66	1
38	67	1
39	68	1
39	69	1
39	70	1
39	71	1
39	72	1
39	73	1
39	74	1
40	75	1
40	76	1
41	77	1
42	78	1
43	79	1
43	80	1
43	81	1
43	57	1
43	82	1
43	60	1
43	83	1
43	61	1
43	84	1
43	85	1
44	86	1
45	87	1
45	88	1
45	89	1
45	90	1
45	91	1
46	92	1
47	93	1
48	94	1
49	95	1
50	96	1
50	97	1
50	98	1
50	99	1
50	100	1
50	101	1
50	102	1
50	103	1
50	104	1
50	105	1
51	106	1
52	107	1
52	108	1
52	109	1
52	110	1
52	111	1
52	112	1
52	113	1
52	114	1
52	115	1
52	116	1
53	117	1
53	118	1
53	119	1
53	120	1
54	121	1
55	74	1
56	47	1
57	122	1
58	123	1
59	124	1
59	125	1
59	126	1
59	127	1
59	128	1
59	129	1
59	130	1
59	131	1
60	132	1
61	133	1
61	134	1
61	135	1
61	136	1
61	137	1
61	138	1
61	139	1
61	140	1
62	141	1
63	142	1
64	143	1
65	144	1
66	145	1
67	146	1
67	147	1
67	148	1
67	149	1
67	150	1
67	151	1
67	152	1
67	153	1
67	154	1
67	155	1
68	156	1
68	157	1
68	158	1
68	159	1
69	160	1
70	161	1
71	162	1
72	163	1
73	164	1
74	165	1
75	166	1
76	167	1
77	168	1
78	169	1
78	170	1
78	171	1
78	172	1
78	173	1
78	174	1
78	175	1
78	176	1
78	177	1
78	178	1
79	179	1
80	87	1
80	88	1
80	89	1
80	90	1
80	91	1
81	180	1
81	181	1
81	182	1
81	183	1
81	184	1
81	185	1
81	186	1
81	187	1
81	188	1
81	189	1
82	190	1
82	191	1
83	192	1
83	193	1
83	194	1
83	195	1
83	196	1
84	197	1
85	198	1
85	199	1
85	200	1
85	201	1
85	202	1
86	203	1
86	204	1
87	205	1
88	206	1
88	207	1
88	208	1
88	209	1
88	210	1
88	211	1
88	212	1
88	213	1
88	202	1
89	214	1
89	215	1
89	216	1
89	217	1
89	218	1
89	219	1
89	220	1
89	221	1
89	222	1
89	223	1
90	181	1
90	224	1
90	225	1
90	226	1
90	187	1
90	227	1
90	228	1
90	229	1
90	230	1
90	231	1
91	232	1
91	213	1
91	233	1
92	234	1
92	235	1
92	236	1
92	237	1
92	238	1
92	239	1
92	240	1
92	241	1
92	242	1
92	243	1
93	244	1
93	245	1
93	246	1
93	247	1
93	248	1
94	249	1
95	250	1
96	251	1
96	252	1
97	253	1
98	254	1
99	255	1
100	256	1
101	257	1
101	258	1
102	259	1
103	260	1
104	261	1
105	262	1
106	263	1
107	264	1
107	59	1
107	142	1
108	265	1
108	266	1
108	267	1
108	268	1
108	269	1
108	270	1
108	271	1
108	272	1
108	273	1
108	274	1
109	275	1
109	276	1
109	277	1
109	278	1
110	41	1
110	279	1
110	280	1
110	281	1
111	282	1
111	283	1
111	284	1
111	285	1
111	286	1
111	287	1
111	288	1
111	289	1
111	290	1
111	291	1
112	292	1
113	293	1
114	294	1
115	295	1
116	249	1
117	296	1
117	297	1
118	298	1
119	299	1
119	300	1
120	301	1
121	302	1
121	303	1
121	304	1
122	305	1
123	306	1
124	307	1
125	308	1
126	309	1
127	310	1
128	311	1
129	312	1
129	313	1
129	249	1
129	314	1
130	315	1
130	49	1
130	316	1
130	317	1
130	318	1
131	319	1
132	320	1
133	321	1
134	76	1
134	322	1
135	323	1
135	324	1
135	199	1
135	325	1
135	326	1
135	327	1
135	328	1
135	329	1
135	330	1
135	331	1
136	332	1
137	333	1
138	334	1
138	335	1
138	336	1
138	337	1
138	338	1
139	339	1
139	340	1
139	341	1
140	342	1
140	287	1
140	343	1
141	344	1
142	345	1
143	121	1
144	346	1
144	347	1
144	348	1
144	349	1
144	350	1
144	351	1
144	352	1
144	353	1
144	354	1
144	355	1
145	356	1
146	357	1
147	358	1
148	359	1
149	360	1
150	361	1
150	362	1
150	363	1
151	364	1
152	365	1
152	366	1
152	367	1
152	368	1
152	369	1
152	370	1
152	371	1
152	372	1
152	373	1
152	374	1
153	375	1
153	376	1
153	377	1
153	378	1
153	379	1
153	380	1
153	381	1
153	382	1
153	383	1
154	384	1
155	385	1
155	386	1
155	387	1
155	388	1
155	389	1
155	390	1
155	391	1
155	392	1
155	393	1
155	394	1
156	117	1
156	118	1
156	119	1
156	120	1
157	395	1
157	396	1
157	397	1
157	398	1
157	399	1
157	400	1
157	401	1
157	402	1
158	403	1
158	404	1
158	405	1
158	406	1
158	407	1
158	408	1
158	409	1
158	410	1
158	411	1
158	412	1
159	413	1
160	414	1
160	415	1
161	416	1
161	417	1
162	418	1
163	419	1
164	420	1
165	421	1
166	422	1
167	423	1
168	424	1
169	425	1
170	426	1
170	427	1
170	428	1
171	429	1
172	430	1
173	431	1
174	432	1
175	433	1
176	434	1
176	435	1
176	436	1
176	437	1
176	438	1
176	439	1
176	440	1
176	441	1
177	442	1
177	443	1
177	444	1
178	445	1
178	446	1
178	447	1
178	19	1
178	448	1
178	449	1
178	450	1
179	451	1
180	452	1
181	453	1
182	454	1
183	455	1
184	456	1
184	457	1
184	458	1
184	459	1
184	460	1
185	461	1
185	202	1
186	462	1
187	463	1
188	464	1
189	465	1
189	466	1
189	467	1
189	468	1
190	469	1
190	470	1
191	471	1
192	368	1
192	472	1
192	369	1
193	47	1
194	473	1
195	474	1
196	475	1
197	142	1
198	476	1
198	477	1
199	478	1
200	479	1
201	480	1
202	481	1
203	482	1
204	483	1
205	484	1
206	485	1
206	486	1
206	487	1
206	488	1
206	489	1
206	490	1
206	491	1
206	492	1
206	493	1
206	494	1
207	36	1
208	495	1
209	496	1
210	445	1
210	446	1
210	447	1
210	19	1
210	448	1
210	449	1
210	450	1
211	497	1
212	498	1
213	499	1
214	500	1
215	501	1
215	502	1
216	503	1
217	504	1
217	505	1
217	506	1
218	287	1
219	507	1
219	508	1
219	509	1
219	510	1
219	511	1
219	512	1
219	513	1
219	514	1
219	515	1
220	312	1
221	516	1
222	517	1
223	518	1
224	255	1
225	519	1
226	369	1
227	520	1
227	521	1
228	522	1
229	523	1
229	524	1
229	525	1
229	526	1
229	527	1
229	528	1
229	529	1
229	530	1
230	25	1
231	531	1
232	532	1
232	533	1
232	534	1
232	535	1
232	536	1
232	537	1
232	538	1
232	539	1
232	540	1
232	541	1
233	542	1
234	543	1
234	544	1
234	545	1
234	546	1
234	547	1
234	39	1
234	548	1
234	549	1
235	47	1
236	550	1
237	551	1
238	552	1
239	553	1
240	554	1
241	555	1
242	556	1
243	557	1
243	142	1
243	254	1
244	558	1
244	559	1
244	560	1
244	561	1
244	562	1
244	563	1
244	564	1
244	565	1
244	566	1
244	567	1
245	568	1
246	569	1
247	570	1
248	571	1
249	572	1
250	52	1
251	573	1
251	316	1
251	574	1
251	575	1
251	318	1
251	576	1
251	577	1
251	49	1
251	578	1
251	579	1
252	580	1
253	581	1
254	582	1
254	251	1
254	368	1
255	583	1
256	584	1
257	585	1
258	586	1
258	587	1
258	588	1
259	589	1
260	590	1
261	142	1
262	591	1
262	592	1
262	593	1
262	594	1
262	595	1
262	596	1
262	597	1
262	598	1
262	599	1
262	600	1
263	601	1
264	60	1
265	602	1
265	603	1
265	604	1
265	605	1
265	606	1
265	607	1
265	608	1
265	609	1
265	610	1
265	611	1
266	612	1
267	613	1
268	614	1
269	615	1
270	616	1
270	574	1
270	617	1
270	618	1
271	619	1
271	620	1
272	621	1
272	622	1
272	623	1
272	624	1
272	625	1
272	626	1
272	627	1
272	628	1
272	629	1
272	630	1
273	631	1
274	632	1
275	633	1
276	634	1
277	635	1
278	636	1
279	637	1
279	638	1
279	71	1
279	639	1
279	73	1
279	640	1
280	641	1
280	642	1
280	643	1
280	644	1
280	645	1
281	646	1
282	647	1
283	648	1
284	649	1
285	650	1
286	651	1
287	652	1
288	653	1
289	654	1
290	655	1
291	287	1
291	656	1
292	657	1
293	658	1
294	36	1
295	659	1
296	660	1
297	430	1
298	661	1
299	662	1
299	663	1
300	664	1
301	665	1
301	666	1
301	667	1
301	668	1
301	669	1
301	670	1
301	671	1
301	672	1
301	673	1
301	674	1
302	142	1
303	675	1
303	323	1
303	676	1
303	677	1
303	199	1
303	327	1
303	328	1
303	678	1
303	679	1
304	519	1
305	288	1
305	287	1
305	680	1
305	681	1
305	682	1
305	294	1
305	683	1
306	684	1
306	685	1
306	686	1
306	687	1
306	688	1
307	52	1
307	689	1
307	142	1
308	426	1
308	344	1
309	690	1
310	691	1
311	35	1
312	692	1
312	693	1
312	694	1
312	695	1
312	696	1
312	697	1
312	698	1
312	699	1
312	700	1
312	701	1
313	702	1
313	422	1
314	703	1
315	704	1
316	705	1
317	706	1
318	707	1
319	708	1
320	709	1
320	710	1
320	711	1
320	712	1
320	713	1
320	714	1
320	715	1
320	716	1
320	717	1
320	718	1
321	719	1
322	720	1
323	721	1
323	722	1
324	723	1
325	724	1
326	725	1
326	726	1
326	727	1
326	728	1
326	729	1
326	730	1
326	731	1
326	732	1
326	733	1
326	734	1
327	735	1
327	736	1
328	737	1
328	738	1
328	739	1
328	740	1
328	741	1
328	742	1
328	743	1
328	744	1
328	745	1
328	746	1
329	632	1
330	747	1
331	748	1
332	87	1
333	749	1
333	426	1
333	750	1
334	751	1
335	752	1
336	753	1
337	754	1
337	755	1
337	756	1
338	757	1
338	758	1
338	759	1
338	760	1
338	761	1
338	762	1
338	763	1
338	764	1
338	765	1
338	766	1
339	767	1
340	768	1
341	769	1
342	770	1
343	771	1
344	772	1
345	773	1
346	774	1
347	775	1
348	776	1
348	777	1
349	692	1
349	693	1
349	694	1
349	695	1
349	696	1
349	697	1
349	698	1
349	699	1
349	700	1
349	701	1
350	778	1
351	779	1
352	780	1
353	781	1
353	782	1
353	783	1
354	784	1
355	785	1
356	786	1
357	787	1
358	788	1
359	79	1
359	80	1
359	81	1
359	57	1
359	82	1
359	60	1
359	83	1
359	61	1
359	84	1
359	85	1
360	789	1
360	790	1
360	791	1
360	81	1
360	792	1
360	58	1
360	793	1
360	794	1
360	80	1
360	82	1
361	795	1
361	796	1
361	797	1
361	798	1
361	799	1
361	800	1
361	801	1
361	802	1
361	803	1
361	804	1
362	805	1
363	806	1
364	807	1
364	808	1
365	31	1
366	809	1
366	810	1
366	811	1
366	812	1
366	813	1
366	814	1
367	815	1
368	816	1
368	817	1
368	818	1
369	819	1
370	820	1
371	368	1
371	472	1
371	369	1
372	821	1
373	385	1
373	386	1
373	387	1
373	388	1
373	389	1
373	390	1
373	391	1
373	392	1
373	393	1
373	394	1
374	822	1
374	584	1
375	345	1
376	823	1
376	824	1
376	825	1
376	826	1
376	827	1
376	828	1
376	829	1
376	830	1
376	831	1
376	832	1
377	833	1
378	834	1
378	835	1
378	836	1
378	837	1
378	70	1
378	81	1
378	56	1
378	61	1
378	791	1
378	82	1
379	838	1
379	839	1
379	840	1
380	282	1
380	283	1
380	284	1
380	841	1
380	842	1
381	843	1
382	631	1
383	844	1
384	845	1
385	6	1
386	846	1
387	847	1
388	848	1
388	849	1
388	850	1
388	851	1
388	852	1
388	853	1
388	854	1
389	855	1
390	856	1
391	857	1
391	858	1
391	859	1
391	860	1
391	861	1
391	862	1
391	863	1
391	864	1
391	865	1
391	866	1
392	867	1
393	868	1
394	869	1
395	870	1
396	871	1
397	872	1
398	873	1
399	874	1
399	288	1
399	287	1
400	496	1
400	581	1
401	875	1
401	876	1
402	79	1
402	877	1
402	54	1
402	81	1
402	56	1
402	878	1
402	791	1
402	60	1
402	498	1
402	85	1
403	197	1
404	879	1
405	880	1
405	419	1
405	881	1
405	882	1
406	582	1
406	251	1
406	883	1
407	884	1
408	885	1
409	886	1
410	887	1
411	888	1
412	889	1
412	890	1
412	891	1
412	892	1
412	893	1
412	894	1
412	895	1
412	896	1
412	897	1
412	599	1
413	637	1
413	69	1
413	898	1
413	70	1
413	899	1
413	900	1
413	635	1
413	901	1
413	59	1
413	902	1
414	903	1
415	904	1
416	905	1
417	906	1
418	907	1
418	908	1
419	909	1
419	816	1
419	451	1
419	910	1
420	911	1
421	333	1
421	912	1
421	81	1
421	82	1
421	58	1
421	60	1
421	794	1
421	61	1
421	913	1
421	914	1
422	915	1
423	422	1
424	581	1
425	916	1
426	917	1
427	918	1
428	919	1
428	920	1
429	921	1
430	922	1
431	923	1
432	924	1
433	925	1
434	926	1
435	927	1
436	928	1
437	929	1
437	930	1
438	931	1
439	932	1
440	933	1
441	934	1
441	935	1
441	233	1
442	936	1
443	937	1
443	938	1
443	939	1
443	940	1
443	941	1
443	942	1
443	943	1
443	944	1
443	945	1
443	946	1
444	947	1
445	948	1
446	949	1
447	950	1
448	951	1
449	952	1
450	953	1
451	954	1
452	955	1
453	956	1
453	957	1
454	958	1
455	959	1
455	960	1
455	961	1
455	962	1
455	963	1
455	964	1
455	965	1
455	966	1
455	967	1
456	968	1
457	969	1
458	970	1
459	971	1
459	972	1
459	973	1
460	974	1
461	975	1
461	976	1
461	548	1
461	977	1
461	978	1
461	979	1
461	980	1
461	981	1
461	982	1
461	983	1
462	984	1
463	232	1
463	287	1
464	35	1
465	985	1
465	986	1
466	333	1
467	987	1
467	988	1
468	989	1
469	990	1
470	991	1
471	992	1
472	993	1
472	994	1
472	995	1
472	996	1
472	997	1
472	998	1
472	999	1
473	205	1
473	1000	1
473	551	1
474	1001	1
475	1002	1
476	557	1
476	1003	1
476	1004	1
477	1005	1
478	1006	1
479	1007	1
480	142	1
480	1008	1
481	1009	1
482	1010	1
483	1011	1
483	1012	1
483	1013	1
483	1014	1
483	1015	1
483	1016	1
483	1017	1
483	1018	1
483	1019	1
483	1020	1
484	1021	1
485	1022	1
486	1023	1
487	847	1
488	816	1
488	1024	1
488	818	1
488	1025	1
488	1026	1
489	281	1
490	180	1
491	1027	1
492	1028	1
493	1029	1
493	1030	1
493	1031	1
493	1032	1
493	1033	1
493	1034	1
493	1035	1
493	1036	1
493	1037	1
493	1038	1
494	1039	1
494	1040	1
495	1041	1
496	1042	1
497	1043	1
498	1044	1
498	1045	1
498	142	1
498	951	1
499	1046	1
500	985	1
500	986	1
501	1047	1
501	1048	1
501	1049	1
501	1050	1
501	1051	1
501	1052	1
501	1053	1
501	1054	1
501	1055	1
501	1056	1
502	1057	1
503	1058	1
503	1059	1
503	1060	1
503	1061	1
503	1062	1
503	1063	1
503	1064	1
503	1065	1
503	1066	1
504	1067	1
504	1068	1
504	1069	1
504	1070	1
504	1071	1
504	1072	1
504	1073	1
504	1074	1
504	1075	1
504	1076	1
505	1077	1
505	294	1
506	1078	1
507	1079	1
508	1080	1
509	1081	1
510	874	1
510	288	1
510	287	1
511	1082	1
512	1083	1
513	1084	1
514	1085	1
514	1086	1
514	1087	1
514	1088	1
514	1089	1
514	1090	1
514	1091	1
514	1092	1
514	1093	1
514	1094	1
515	1095	1
515	1096	1
515	1097	1
515	1098	1
515	1099	1
516	1100	1
517	1101	1
517	1102	1
517	542	1
517	1103	1
518	1104	1
519	1105	1
519	1106	1
519	1107	1
519	1108	1
520	1109	1
521	1110	1
521	927	1
521	1111	1
521	1112	1
521	1113	1
521	1114	1
521	1115	1
521	142	1
521	1116	1
521	901	1
521	1117	1
521	1118	1
521	1119	1
521	1120	1
521	1121	1
521	1122	1
521	1123	1
522	1124	1
522	1125	1
522	1126	1
523	142	1
524	45	1
525	1127	1
526	333	1
526	1128	1
526	1129	1
526	1130	1
526	1131	1
526	1132	1
526	1133	1
526	1134	1
527	1135	1
527	1136	1
527	1137	1
527	1138	1
527	1139	1
527	878	1
527	791	1
527	1140	1
527	1141	1
527	1142	1
528	1143	1
528	1144	1
528	1145	1
528	1146	1
529	1147	1
529	1148	1
529	1149	1
530	1150	1
531	1151	1
531	1152	1
531	1028	1
532	659	1
532	1153	1
533	1154	1
534	460	1
535	1155	1
535	1156	1
536	1157	1
536	1158	1
536	1159	1
537	1160	1
538	1161	1
539	1162	1
539	1163	1
540	1164	1
541	1165	1
542	1166	1
542	1167	1
542	1168	1
543	142	1
543	76	1
543	1169	1
544	520	1
544	521	1
545	1170	1
546	6	1
546	590	1
547	1171	1
548	1172	1
549	1173	1
549	1174	1
549	1175	1
549	1176	1
549	1177	1
549	1178	1
549	1179	1
549	1180	1
549	1181	1
550	1182	1
551	1183	1
552	1184	1
552	880	1
552	881	1
553	1185	1
554	1186	1
555	1187	1
556	333	1
556	142	1
557	1188	1
557	1189	1
558	1190	1
559	1191	1
560	1192	1
561	1193	1
561	232	1
561	213	1
561	1194	1
562	1195	1
562	1196	1
563	345	1
564	1197	1
565	64	1
565	1198	1
566	1199	1
566	1200	1
566	1201	1
566	1202	1
566	1203	1
566	1204	1
566	1205	1
566	1206	1
566	1207	1
566	1208	1
567	1209	1
568	1210	1
569	923	1
570	982	1
571	1140	1
572	1211	1
573	927	1
573	184	1
573	142	1
573	52	1
573	1212	1
573	689	1
574	1213	1
575	282	1
575	283	1
575	284	1
575	285	1
575	286	1
575	287	1
575	288	1
575	289	1
575	290	1
575	291	1
576	1214	1
576	1215	1
576	1216	1
577	1217	1
578	1218	1
578	1219	1
578	1220	1
578	1221	1
578	1222	1
578	1223	1
578	1224	1
578	1225	1
578	1226	1
578	1227	1
579	1228	1
579	1229	1
580	1230	1
581	1231	1
582	1232	1
582	1233	1
582	1234	1
582	46	1
583	1235	1
584	1236	1
585	1237	1
585	888	1
585	1238	1
586	1239	1
586	1240	1
586	1241	1
586	1242	1
586	1243	1
586	1244	1
586	1245	1
586	1246	1
586	1247	1
586	1248	1
587	1249	1
587	1044	1
587	142	1
588	1250	1
589	1251	1
590	1252	1
591	1253	1
592	1254	1
593	1255	1
593	1256	1
593	1257	1
593	1258	1
593	1259	1
594	583	1
595	1260	1
596	1261	1
597	205	1
597	1000	1
597	551	1
598	576	1
598	617	1
599	1262	1
600	1263	1
601	1264	1
602	1265	1
603	1266	1
604	1267	1
605	1268	1
606	1269	1
607	1270	1
608	1271	1
609	1238	1
610	1272	1
611	1273	1
612	1274	1
613	1006	1
614	1275	1
615	1276	1
616	1277	1
616	1278	1
616	1279	1
617	1280	1
618	1281	1
619	1282	1
620	1283	1
620	1284	1
620	1285	1
620	1286	1
620	1287	1
620	1288	1
620	1289	1
620	1290	1
620	1291	1
620	1292	1
621	1293	1
621	1294	1
621	1295	1
621	1296	1
621	1297	1
621	1298	1
621	1299	1
621	1300	1
621	1301	1
621	1302	1
622	1303	1
623	1304	1
624	1305	1
624	1306	1
624	1307	1
624	1308	1
624	1309	1
624	1310	1
624	1311	1
624	1312	1
624	1313	1
624	1314	1
625	1315	1
626	1316	1
627	1317	1
628	1318	1
629	1319	1
630	1101	1
631	1320	1
632	1321	1
633	1322	1
634	1323	1
634	1324	1
634	1325	1
634	1326	1
634	1327	1
634	57	1
634	1328	1
634	1329	1
634	1330	1
634	1331	1
635	1332	1
636	1333	1
637	1334	1
638	1335	1
639	1336	1
640	1337	1
641	1338	1
642	1339	1
642	1340	1
642	1341	1
642	1043	1
642	1342	1
643	346	1
643	347	1
643	348	1
643	349	1
643	350	1
643	351	1
643	352	1
643	353	1
643	354	1
643	355	1
644	1343	1
645	1344	1
646	1345	1
647	1346	1
648	1347	1
649	1348	1
650	1349	1
651	1350	1
652	1351	1
653	1352	1
654	640	1
655	1353	1
656	1354	1
657	1355	1
658	906	1
659	1356	1
659	1357	1
659	1358	1
660	1359	1
661	590	1
662	1360	1
663	1361	1
664	1362	1
664	1363	1
664	1364	1
664	1365	1
665	369	1
666	1366	1
667	810	1
668	873	1
669	1367	1
669	839	1
670	922	1
671	1368	1
671	1369	1
671	972	1
671	1370	1
672	1371	1
672	1372	1
673	1272	1
674	8	1
675	1373	1
676	1374	1
676	1375	1
677	1376	1
678	1377	1
678	1378	1
678	1379	1
678	1380	1
679	1381	1
679	1382	1
679	1383	1
679	1384	1
679	1385	1
679	1386	1
679	1387	1
679	1388	1
679	1389	1
679	1390	1
680	837	1
680	1391	1
681	44	1
681	45	1
682	684	1
682	685	1
682	686	1
682	687	1
682	688	1
683	333	1
683	912	1
683	81	1
683	82	1
683	58	1
683	60	1
683	794	1
683	61	1
683	913	1
683	914	1
684	1392	1
685	1393	1
686	1394	1
687	1395	1
688	1396	1
688	1397	1
688	1398	1
688	1399	1
688	1400	1
688	1401	1
688	1402	1
689	1403	1
690	1404	1
691	1405	1
691	1406	1
691	1407	1
692	1408	1
693	1409	1
693	658	1
693	1410	1
693	1411	1
693	419	1
693	1412	1
693	881	1
694	1413	1
695	1414	1
695	1415	1
695	1416	1
695	1417	1
695	1418	1
695	1419	1
695	1420	1
696	1421	1
697	290	1
698	6	1
698	1422	1
698	590	1
699	1423	1
700	1424	1
701	1425	1
701	1426	1
702	1427	1
703	1428	1
703	1429	1
703	1430	1
703	1431	1
703	1432	1
703	1433	1
704	369	1
705	1434	1
706	1435	1
707	47	1
708	1436	1
708	877	1
708	56	1
708	57	1
708	1437	1
708	1438	1
709	1393	1
710	1439	1
711	1440	1
712	1441	1
713	1442	1
714	1443	1
714	142	1
714	1444	1
715	1445	1
716	922	1
717	1446	1
717	197	1
717	1447	1
718	1448	1
719	312	1
719	313	1
720	1449	1
721	1450	1
722	774	1
723	1451	1
723	1452	1
723	1453	1
723	1454	1
723	1455	1
723	1456	1
723	1457	1
723	1458	1
723	1459	1
723	1460	1
724	658	1
725	1006	1
726	36	1
727	1461	1
727	1462	1
727	1463	1
727	1464	1
727	76	1
727	1084	1
728	1465	1
728	1466	1
728	1467	1
728	1468	1
728	1469	1
729	968	1
730	1470	1
730	1471	1
731	972	1
731	1369	1
731	1472	1
732	1473	1
733	1474	1
734	1475	1
735	1476	1
736	1477	1
737	1478	1
737	1479	1
737	1480	1
737	1481	1
737	1482	1
737	1483	1
737	1484	1
737	1485	1
737	1486	1
737	1487	1
738	748	1
739	142	1
739	1488	1
740	1489	1
740	1490	1
740	1491	1
740	1492	1
741	79	1
741	80	1
741	81	1
741	57	1
741	82	1
741	60	1
741	83	1
741	61	1
741	84	1
741	85	1
742	1493	1
743	1494	1
743	1495	1
743	1496	1
743	1497	1
743	1498	1
743	1499	1
743	1212	1
743	1500	1
743	1501	1
743	1502	1
744	1503	1
745	1336	1
746	1504	1
747	1505	1
748	1161	1
749	75	1
750	1506	1
751	1507	1
752	1508	1
752	1509	1
752	1510	1
752	546	1
753	1511	1
754	1512	1
754	287	1
755	1513	1
756	1514	1
757	1515	1
758	1352	1
759	1132	1
759	542	1
759	1516	1
759	182	1
759	1517	1
759	1518	1
759	1519	1
759	1520	1
759	1521	1
759	1133	1
760	888	1
761	117	1
761	118	1
761	119	1
761	120	1
762	1522	1
763	1523	1
764	1524	1
765	617	1
766	1214	1
766	1525	1
766	1526	1
766	1215	1
766	1216	1
767	1527	1
767	1528	1
767	1529	1
767	1530	1
767	1531	1
767	1532	1
767	1533	1
767	1534	1
767	1535	1
767	1536	1
768	1537	1
769	1277	1
769	1278	1
769	1279	1
770	1538	1
770	1539	1
771	369	1
772	1540	1
772	1541	1
772	1542	1
772	1543	1
772	1544	1
773	1408	1
774	1545	1
774	1546	1
774	1547	1
774	1548	1
774	1549	1
774	1550	1
774	1551	1
774	1552	1
774	1553	1
774	1554	1
775	430	1
775	1555	1
776	1556	1
777	42	1
778	1323	1
778	1324	1
778	1325	1
778	1326	1
778	1327	1
778	57	1
778	1328	1
778	1329	1
778	1330	1
778	1331	1
779	7	1
780	1557	1
781	1558	1
782	1559	1
782	1560	1
783	1561	1
783	1562	1
783	1563	1
783	1564	1
783	1565	1
783	1566	1
783	1567	1
783	1568	1
783	1569	1
783	1570	1
784	989	1
785	1571	1
785	1572	1
786	1573	1
786	1574	1
786	1575	1
786	1576	1
786	1577	1
786	1578	1
786	1579	1
786	1580	1
786	1581	1
786	1582	1
787	445	1
787	446	1
787	447	1
787	19	1
787	448	1
787	449	1
787	450	1
788	1583	1
788	1584	1
788	1585	1
788	1586	1
788	1587	1
788	1588	1
788	1589	1
788	845	1
788	1590	1
788	1591	1
789	156	1
789	157	1
789	158	1
789	159	1
790	1592	1
791	52	1
791	927	1
791	79	1
791	74	1
791	56	1
792	1593	1
793	1594	1
794	1595	1
795	1596	1
795	1597	1
795	1598	1
795	1599	1
795	1600	1
795	1601	1
795	1602	1
795	1603	1
795	1604	1
795	1605	1
796	1606	1
796	1607	1
796	1608	1
796	1609	1
796	1610	1
796	1611	1
796	1612	1
796	1613	1
796	1614	1
796	1615	1
797	1616	1
798	1617	1
799	1618	1
800	1619	1
800	1620	1
800	1621	1
801	1622	1
802	164	1
803	1623	1
804	1624	1
805	56	1
806	1625	1
807	1626	1
808	1627	1
809	1628	1
810	1629	1
811	1630	1
811	1631	1
811	1632	1
811	1633	1
811	1634	1
812	1635	1
812	1636	1
812	1637	1
812	1638	1
812	1639	1
812	1640	1
812	1641	1
813	1642	1
814	1643	1
815	1644	1
815	1645	1
815	1646	1
815	1647	1
815	1648	1
816	1352	1
817	1649	1
817	1650	1
817	1651	1
817	1652	1
817	1653	1
817	1654	1
817	1655	1
817	1656	1
817	1657	1
817	1658	1
818	450	1
819	1659	1
820	1660	1
820	1661	1
820	1662	1
821	1663	1
822	290	1
823	1664	1
824	450	1
825	1665	1
825	1666	1
825	1667	1
825	1668	1
826	1669	1
827	1644	1
827	1670	1
827	1671	1
827	1672	1
827	677	1
827	1673	1
827	1674	1
827	1675	1
827	1676	1
827	1677	1
828	249	1
829	287	1
830	1678	1
831	834	1
831	70	1
831	142	1
831	52	1
831	60	1
831	640	1
832	43	1
832	255	1
832	1679	1
833	1680	1
834	1681	1
835	1682	1
836	1593	1
837	333	1
837	912	1
837	81	1
837	82	1
837	58	1
837	60	1
837	794	1
837	61	1
837	913	1
837	914	1
838	1683	1
839	44	1
839	45	1
840	1684	1
840	1685	1
841	75	1
842	1686	1
843	590	1
844	1687	1
845	1352	1
846	1688	1
847	1689	1
848	1690	1
849	1691	1
849	65	1
849	1692	1
849	589	1
849	1693	1
850	1694	1
850	1695	1
850	1696	1
850	1697	1
850	1698	1
850	1699	1
850	1700	1
850	1701	1
850	1702	1
850	1703	1
851	1704	1
852	1705	1
853	1706	1
854	1707	1
855	333	1
855	183	1
855	185	1
855	142	1
855	1212	1
855	1111	1
856	1708	1
857	1025	1
858	1517	1
859	117	1
859	118	1
859	119	1
859	120	1
860	1709	1
861	1710	1
862	1711	1
863	924	1
863	1712	1
863	49	1
863	1439	1
863	1713	1
864	52	1
865	1714	1
866	1715	1
867	1716	1
868	1717	1
869	1718	1
870	1719	1
870	1720	1
871	1721	1
871	1722	1
871	1723	1
871	1724	1
871	1725	1
871	1726	1
871	1727	1
871	1728	1
871	1729	1
871	1730	1
872	1731	1
872	1732	1
872	1733	1
872	1734	1
872	1735	1
872	1736	1
872	1737	1
872	1738	1
872	1739	1
872	1740	1
873	1741	1
874	1742	1
874	1743	1
874	1744	1
874	1745	1
874	1746	1
874	1747	1
874	1748	1
874	1749	1
874	1750	1
874	1751	1
875	1752	1
876	1753	1
877	255	1
878	1754	1
879	1755	1
880	1756	1
880	185	1
880	1757	1
881	1758	1
881	1759	1
882	1334	1
883	1760	1
884	1761	1
884	1762	1
884	1763	1
884	1764	1
885	1765	1
885	1766	1
885	1767	1
885	1768	1
886	1769	1
886	1770	1
887	1771	1
887	1772	1
888	1773	1
889	1774	1
890	1775	1
891	1776	1
891	1777	1
891	1778	1
892	1779	1
893	1780	1
894	1781	1
895	1782	1
896	1783	1
897	183	1
898	1784	1
899	1785	1
899	1786	1
899	1787	1
899	254	1
899	1788	1
899	1782	1
899	1789	1
899	1790	1
899	1791	1
899	1792	1
900	1759	1
901	1793	1
902	1794	1
903	1795	1
904	1796	1
905	1797	1
906	119	1
906	118	1
906	117	1
906	120	1
907	1798	1
908	1799	1
908	1800	1
908	1801	1
908	1802	1
908	1803	1
908	1510	1
908	1804	1
909	631	1
910	1805	1
911	1806	1
911	287	1
911	683	1
912	1807	1
913	1808	1
913	1809	1
913	1810	1
913	1811	1
913	1812	1
913	1813	1
914	1444	1
915	205	1
915	1000	1
915	551	1
916	1814	1
917	771	1
918	1815	1
918	1816	1
919	581	1
920	1817	1
921	1818	1
921	1819	1
921	1820	1
921	1821	1
921	1822	1
921	1823	1
921	1824	1
921	1329	1
921	1825	1
921	1826	1
922	333	1
923	312	1
924	1827	1
924	1828	1
924	1829	1
925	909	1
925	816	1
925	910	1
926	1830	1
927	1831	1
927	1832	1
927	1833	1
928	1834	1
929	1835	1
930	1836	1
931	1837	1
932	1838	1
933	1839	1
934	1840	1
935	1841	1
936	1842	1
937	817	1
937	818	1
937	1000	1
938	1843	1
939	232	1
939	1844	1
939	1845	1
940	1846	1
941	1847	1
942	1848	1
943	1849	1
943	1850	1
943	1851	1
944	1852	1
945	1853	1
945	1854	1
945	1855	1
945	1856	1
945	1857	1
945	1858	1
945	1859	1
945	71	1
945	1860	1
945	914	1
946	1861	1
947	1862	1
947	1795	1
947	1863	1
947	1864	1
947	309	1
947	1865	1
948	1352	1
949	1866	1
950	1436	1
950	877	1
950	56	1
950	57	1
950	1437	1
950	1438	1
951	1867	1
951	290	1
951	1194	1
952	278	1
953	1868	1
954	1869	1
955	1870	1
956	1871	1
957	1872	1
957	1873	1
957	1874	1
957	1875	1
957	1876	1
957	1877	1
958	1878	1
959	1879	1
960	369	1
961	1880	1
962	183	1
963	1881	1
964	1882	1
964	1883	1
965	254	1
966	1884	1
967	47	1
968	60	1
969	1006	1
970	181	1
970	224	1
970	225	1
970	226	1
970	187	1
970	227	1
970	228	1
970	229	1
970	230	1
970	231	1
971	1885	1
971	1886	1
971	1887	1
972	1888	1
973	1889	1
973	1280	1
974	1890	1
974	1891	1
974	1892	1
975	779	1
976	205	1
976	910	1
976	551	1
976	1024	1
977	1334	1
978	1044	1
978	1893	1
978	142	1
979	142	1
980	1894	1
981	1895	1
982	1896	1
982	422	1
982	1897	1
982	1898	1
982	702	1
982	1899	1
983	1900	1
984	1901	1
985	1902	1
986	985	1
986	986	1
987	1903	1
988	1904	1
989	816	1
989	1026	1
989	910	1
990	1905	1
990	1906	1
990	91	1
990	1907	1
991	1908	1
992	1909	1
993	1910	1
994	1911	1
995	6	1
995	1912	1
995	1913	1
996	1914	1
996	255	1
997	684	1
997	685	1
997	686	1
997	687	1
997	688	1
998	1915	1
999	1916	1
999	1917	1
999	1918	1
999	1919	1
999	1920	1
999	1921	1
999	1922	1
999	1923	1
1000	1517	1
1001	1924	1
1001	1925	1
1001	1926	1
1001	1927	1
1001	1928	1
1001	1929	1
1001	1930	1
1001	1931	1
1001	1932	1
1001	1933	1
1002	1934	1
1003	749	1
1004	658	1
1005	1131	1
1006	1935	1
1007	1936	1
1007	1937	1
1007	1938	1
1007	1939	1
1007	1940	1
1008	1941	1
1008	1942	1
1008	1943	1
1008	1944	1
1008	1945	1
1008	1946	1
1008	1947	1
1008	1948	1
1008	1949	1
1008	1950	1
1009	1951	1
1010	1952	1
1010	1953	1
1011	1954	1
1011	461	1
1012	0	1
1013	1955	1
1013	1956	1
1014	1957	1
1014	1958	1
1014	1959	1
1014	1960	1
1014	1961	1
1014	1962	1
1014	1963	1
1014	1964	1
1014	1965	1
1015	1966	1
1016	1967	1
1017	1968	1
1018	1969	1
1018	59	1
1018	900	1
1019	1970	1
1019	1971	1
1019	1972	1
1019	1973	1
1019	1974	1
1020	1975	1
1021	1976	1
1022	1977	1
1022	1978	1
1022	1979	1
1022	1980	1
1023	1981	1
1024	1982	1
1025	925	1
1026	1983	1
1027	60	1
1028	1984	1
1029	1985	1
1030	1986	1
1031	1987	1
1032	1988	1
1033	1989	1
1033	1990	1
1034	1991	1
1035	821	1
1036	1664	1
1037	1992	1
1038	1993	1
1038	576	1
1039	1994	1
1040	1995	1
1041	1996	1
1042	1997	1
1043	333	1
1044	1998	1
1045	1999	1
1046	1691	1
1047	2000	1
1048	2001	1
1049	2002	1
1049	2003	1
1050	1644	1
1050	1194	1
1050	422	1
1051	2004	1
1052	909	1
1052	816	1
1052	910	1
1053	2005	1
1054	2006	1
1054	2007	1
1055	2008	1
1056	1334	1
1057	1689	1
1057	2009	1
1057	2010	1
1057	2011	1
1057	2012	1
1058	118	1
1059	2013	1
1059	2014	1
1059	2015	1
1060	2016	1
1061	2017	1
1061	2018	1
1061	506	1
1061	2019	1
1062	2020	1
1062	2021	1
1062	2022	1
1062	2023	1
1062	2024	1
1062	2025	1
1062	2026	1
1062	2027	1
1062	2028	1
1062	2029	1
1063	2030	1
1064	1109	1
1065	2031	1
1066	2032	1
1067	2033	1
1068	1410	1
1069	1514	1
1070	2034	1
1071	2035	1
1072	2036	1
1072	2037	1
1072	2038	1
1072	2039	1
1072	2040	1
1072	2041	1
1072	2042	1
1072	2043	1
1072	2044	1
1073	1954	1
1073	206	1
1073	288	1
1073	1194	1
1073	2045	1
1074	1992	1
1075	205	1
1075	1000	1
1075	451	1
1075	818	1
1075	1026	1
1076	1995	1
1077	2046	1
1078	2047	1
1079	857	1
1079	858	1
1079	859	1
1079	860	1
1079	861	1
1079	862	1
1079	863	1
1079	864	1
1079	865	1
1079	866	1
1080	36	1
1081	2048	1
1082	2049	1
1083	2050	1
1084	2051	1
1085	2052	1
1086	74	1
1087	2053	1
1087	2054	1
1087	2055	1
1087	2056	1
1087	2057	1
1087	2058	1
1087	2059	1
1087	2060	1
1088	2061	1
1089	2062	1
1090	2063	1
1090	2064	1
1090	2065	1
1090	2066	1
1090	2067	1
1090	2068	1
1090	2069	1
1090	2070	1
1090	2071	1
1090	2072	1
1091	542	1
1092	2073	1
1093	2074	1
1093	322	1
1093	2075	1
1093	2076	1
1093	2077	1
1093	2078	1
1093	2079	1
1093	2080	1
1093	2081	1
1093	2082	1
1094	2083	1
1095	299	1
1095	300	1
1096	2084	1
1097	2085	1
1098	95	1
1098	2086	1
1099	385	1
1099	386	1
1099	387	1
1099	388	1
1099	389	1
1099	390	1
1099	391	1
1099	392	1
1099	393	1
1099	394	1
1100	937	1
1100	938	1
1100	939	1
1100	940	1
1100	941	1
1100	942	1
1100	943	1
1100	944	1
1100	945	1
1100	946	1
1101	93	1
1102	990	1
1103	2087	1
1104	2088	1
1104	452	1
1104	197	1
1105	2089	1
1105	2090	1
1106	2091	1
1106	2092	1
1107	2093	1
1108	2094	1
1109	2095	1
1110	2096	1
1110	1323	1
1110	2097	1
1110	1325	1
1110	1328	1
1110	2098	1
1110	2099	1
1110	2100	1
1110	1330	1
1110	1331	1
1111	2101	1
1112	2102	1
1113	1280	1
1114	2103	1
1115	1151	1
1115	2104	1
1116	2105	1
1116	2106	1
1117	2107	1
1118	2108	1
1119	2109	1
1120	2110	1
1120	2111	1
1120	2112	1
1120	2113	1
1120	2114	1
1120	2115	1
1120	2116	1
1120	2117	1
1120	2118	1
1120	2119	1
1121	811	1
1121	2120	1
1121	810	1
1122	2121	1
1122	2122	1
1122	2123	1
1122	2124	1
1122	2125	1
1122	2126	1
1122	2127	1
1123	2128	1
1123	2129	1
1124	2130	1
1124	778	1
1124	2131	1
1124	142	1
1125	2132	1
1126	2133	1
1126	2134	1
1126	2135	1
1126	2136	1
1127	2137	1
1128	641	1
1128	642	1
1128	643	1
1128	644	1
1128	645	1
1129	1044	1
1129	1045	1
1129	142	1
1129	951	1
1130	952	1
1131	422	1
1132	2138	1
1133	1355	1
1134	2139	1
1135	581	1
1136	553	1
1136	73	1
1137	118	1
1138	85	1
1138	56	1
1139	422	1
1140	2140	1
1141	2141	1
1142	2142	1
1143	1186	1
1144	2143	1
1145	75	1
1146	2144	1
1147	299	1
1148	2145	1
1149	879	1
1150	569	1
1151	2146	1
1152	749	1
1152	2052	1
1153	583	1
1154	1664	1
1154	2147	1
1154	2148	1
1154	871	1
1154	2149	1
1154	2150	1
1154	339	1
1154	2151	1
1154	2152	1
1154	2153	1
1155	749	1
1155	2154	1
1156	2155	1
1157	79	1
1158	557	1
1158	142	1
1158	2156	1
1158	1444	1
1158	2157	1
1159	1915	1
1160	49	1
1160	2158	1
1160	2159	1
1161	2160	1
1162	2161	1
1163	2162	1
1163	2163	1
1164	2164	1
1165	2165	1
1166	249	1
1167	1735	1
1168	2166	1
1169	2167	1
1170	2168	1
1170	2169	1
1171	2170	1
1172	1124	1
1172	1125	1
1172	1126	1
1173	2171	1
1173	75	1
1173	118	1
1173	2172	1
1174	2173	1
1175	2174	1
1176	142	1
1176	1304	1
1176	2175	1
1177	615	1
1178	2176	1
1179	1423	1
1180	2177	1
1181	2178	1
1182	2179	1
1183	2180	1
1184	2181	1
1185	2182	1
1186	2183	1
1187	2184	1
1188	142	1
1189	2185	1
1190	2186	1
1191	2187	1
1192	375	1
1192	376	1
1192	377	1
1192	378	1
1192	379	1
1192	380	1
1192	381	1
1192	382	1
1192	383	1
1193	2188	1
1194	2189	1
1195	2190	1
1196	2191	1
1197	79	1
1197	877	1
1197	54	1
1197	81	1
1197	56	1
1197	878	1
1197	791	1
1197	60	1
1197	498	1
1197	85	1
1198	2192	1
1199	2193	1
1199	2194	1
1199	2195	1
1199	2196	1
1199	2197	1
1199	2198	1
1199	2199	1
1199	2200	1
1199	2201	1
1199	2202	1
1200	817	1
1200	818	1
1200	2203	1
1200	2204	1
1200	816	1
1200	451	1
1201	2205	1
1202	677	1
1203	2206	1
1204	929	1
1204	369	1
1204	1955	1
1204	582	1
1204	251	1
1204	2207	1
1205	256	1
1206	2208	1
1207	2209	1
1208	2210	1
1209	2211	1
1210	2212	1
1210	2213	1
1211	1118	1
1212	205	1
1212	1025	1
1213	36	1
1214	2214	1
1215	2215	1
1216	2216	1
1217	106	1
1218	2217	1
1219	2218	1
1220	2219	1
1221	2220	1
1222	2221	1
1223	2222	1
1224	2223	1
1224	2147	1
1224	2151	1
1224	2224	1
1224	2225	1
1225	2226	1
1226	1911	1
1227	2227	1
1228	2228	1
1228	2229	1
1229	2230	1
1230	2231	1
1231	2232	1
1232	2233	1
1232	2234	1
1232	2235	1
1232	2236	1
1232	2237	1
1232	2238	1
1232	2239	1
1232	2240	1
1232	2241	1
1232	2242	1
1233	2243	1
1233	2244	1
1234	817	1
1234	818	1
1234	2203	1
1234	2204	1
1234	816	1
1234	451	1
1235	816	1
1236	119	1
1237	1689	1
1238	2245	1
1239	2246	1
1239	2247	1
1240	816	1
1241	969	1
1242	2248	1
1243	2249	1
1244	142	1
1245	2250	1
1246	1635	1
1246	1636	1
1246	1637	1
1246	1638	1
1246	1639	1
1246	1640	1
1246	1641	1
1247	2251	1
1248	2252	1
1249	2253	1
1250	79	1
1250	877	1
1250	54	1
1250	81	1
1250	56	1
1250	878	1
1250	791	1
1250	60	1
1250	498	1
1250	85	1
1251	2254	1
1251	2255	1
1251	2256	1
1251	2257	1
1251	2258	1
1251	2259	1
1252	2260	1
1253	312	1
1253	430	1
1253	313	1
1253	1555	1
1254	142	1
1255	2261	1
1256	928	1
1257	2262	1
1258	880	1
1259	36	1
1260	818	1
1261	657	1
1262	2263	1
1262	2264	1
1263	75	1
1264	2265	1
1264	2266	1
1264	2267	1
1264	2268	1
1264	2269	1
1264	2270	1
1265	2271	1
1266	287	1
1267	2272	1
1267	2273	1
1267	2274	1
1267	810	1
1268	56	1
1269	2275	1
1270	2276	1
1271	2277	1
1271	2278	1
1271	2279	1
1271	2280	1
1271	2281	1
1271	2282	1
1271	2283	1
1271	2284	1
1271	2285	1
1271	2286	1
1272	2287	1
1273	455	1
1274	1423	1
1275	2288	1
1276	581	1
1277	2289	1
1278	2290	1
1278	2291	1
1278	2292	1
1278	2293	1
1278	1210	1
1278	2294	1
1278	2295	1
1278	2296	1
1278	1330	1
1278	2096	1
1279	1043	1
1280	2297	1
1280	2298	1
1280	2299	1
1280	2300	1
1280	2301	1
1281	2302	1
1282	2303	1
1283	2304	1
1284	2305	1
1285	2306	1
1286	465	1
1286	2307	1
1286	2308	1
1286	2309	1
1286	2310	1
1287	2311	1
1287	1304	1
1288	1969	1
1289	8	1
1290	2312	1
1291	2313	1
1292	780	1
1293	2314	1
1293	2315	1
1293	2316	1
1293	2317	1
1293	2318	1
1293	2319	1
1293	2320	1
1293	2321	1
1293	2322	1
1293	2323	1
1294	2324	1
1294	2325	1
1295	2326	1
1296	2327	1
1296	2328	1
1296	2329	1
1296	2330	1
1296	2331	1
1297	2332	1
1298	341	1
1299	2333	1
1299	2334	1
1299	142	1
1300	2335	1
1301	2336	1
1302	282	1
1302	283	1
1302	284	1
1302	841	1
1302	842	1
1303	2337	1
1303	2338	1
1303	2339	1
1303	2340	1
1304	2341	1
1305	2342	1
1305	2343	1
1305	910	1
1306	1410	1
1307	2344	1
1308	2342	1
1309	2345	1
1310	927	1
1311	1797	1
1312	2346	1
1312	2347	1
1313	197	1
1314	924	1
1314	1712	1
1314	49	1
1314	1439	1
1314	1713	1
1315	2348	1
1316	1334	1
1317	2349	1
1317	2350	1
1317	2351	1
1317	2352	1
1317	2353	1
1317	2354	1
1317	2355	1
1317	2356	1
1317	2357	1
1317	2358	1
1318	2359	1
1319	2360	1
1320	1194	1
1321	2361	1
1322	2362	1
1323	2363	1
1324	2364	1
1324	367	1
1325	142	1
1325	2365	1
1325	1790	1
1326	719	1
1327	2366	1
1327	2367	1
1327	2368	1
1327	2369	1
1327	2370	1
1327	2371	1
1327	2372	1
1327	2373	1
1327	2374	1
1327	2375	1
1328	658	1
1329	25	1
1330	142	1
1331	2376	1
1332	2377	1
1333	2378	1
1334	2379	1
1335	2380	1
1336	79	1
1336	85	1
1336	56	1
1337	2381	1
1338	1516	1
1338	2382	1
1338	182	1
1338	2383	1
1338	2384	1
1338	226	1
1338	231	1
1339	2385	1
1340	2386	1
1341	197	1
1342	430	1
1342	1555	1
1343	2387	1
1344	1152	1
1345	2388	1
1345	2389	1
1346	2390	1
1347	2391	1
1348	2392	1
1349	2393	1
1349	2394	1
1349	2395	1
1349	2396	1
1349	2397	1
1349	2398	1
1349	2399	1
1349	2400	1
1349	2401	1
1350	2402	1
1351	2403	1
1352	2404	1
1353	2405	1
1354	1970	1
1354	2406	1
1354	2407	1
1354	2408	1
1355	2409	1
1356	877	1
1356	85	1
1357	2210	1
1358	2410	1
1359	817	1
1359	818	1
1359	2203	1
1359	2204	1
1359	816	1
1359	451	1
1360	205	1
1360	910	1
1360	551	1
1361	816	1
1362	2411	1
1362	2412	1
1362	1763	1
1362	2413	1
1363	426	1
1363	2414	1
1363	2415	1
1364	689	1
1365	2416	1
1365	1763	1
1365	2417	1
1366	2418	1
1367	927	1
1368	2419	1
1368	1265	1
1369	2420	1
1370	2421	1
1371	2422	1
1372	846	1
1373	650	1
1374	2423	1
1374	2424	1
1374	2425	1
1374	2426	1
1375	975	1
1375	976	1
1375	548	1
1375	977	1
1375	978	1
1375	979	1
1375	980	1
1375	981	1
1375	982	1
1375	983	1
1376	2427	1
1377	422	1
1378	2428	1
1378	2429	1
1379	2430	1
1379	2431	1
1379	2432	1
1379	2433	1
1379	2434	1
1379	2435	1
1379	2436	1
1379	2437	1
1379	2438	1
1379	2439	1
1380	591	1
1380	592	1
1380	593	1
1380	594	1
1380	595	1
1380	596	1
1380	597	1
1380	598	1
1380	599	1
1380	600	1
1381	282	1
1381	283	1
1381	284	1
1381	285	1
1381	286	1
1381	287	1
1381	288	1
1381	289	1
1381	290	1
1381	291	1
1382	2440	1
1383	333	1
1383	927	1
1383	2441	1
1383	2442	1
1383	52	1
1383	2443	1
1383	1757	1
1383	1111	1
1383	2444	1
1383	185	1
1384	2445	1
1385	864	1
1385	859	1
1385	2446	1
1385	2447	1
1385	857	1
1386	2448	1
1387	2449	1
1387	333	1
1387	181	1
1387	877	1
1387	2450	1
1387	230	1
1387	57	1
1387	2451	1
1387	2452	1
1387	2453	1
1388	52	1
1389	2454	1
1390	2455	1
1390	576	1
1391	1334	1
1392	2192	1
1392	2456	1
1392	56	1
1392	2457	1
1392	2458	1
1392	2459	1
1393	2160	1
1393	142	1
1393	2460	1
1394	2461	1
1395	385	1
1395	386	1
1395	387	1
1395	388	1
1395	389	1
1395	390	1
1395	391	1
1395	392	1
1395	393	1
1395	394	1
1396	2462	1
1397	2004	1
1398	344	1
1399	2463	1
1400	2464	1
1400	579	1
1401	60	1
1402	2120	1
1403	2465	1
1403	2466	1
1404	2467	1
1404	2468	1
1404	2469	1
1404	2470	1
1404	2471	1
1404	2472	1
1404	2473	1
1404	2474	1
1404	2475	1
1404	2476	1
1405	2477	1
1405	2478	1
1405	773	1
1405	2479	1
1405	2480	1
1406	2481	1
1407	1006	1
1408	2482	1
1409	2483	1
1409	2484	1
1409	2485	1
1410	2486	1
1410	2487	1
1411	2488	1
1412	56	1
1413	1569	1
1414	2489	1
1415	2490	1
1415	2491	1
1415	2492	1
1415	2493	1
1415	2494	1
1415	2495	1
1416	2496	1
1417	197	1
1418	2497	1
1419	906	1
1420	2498	1
1421	2499	1
1421	2500	1
1421	2501	1
1421	287	1
1421	2502	1
1421	2503	1
1421	1845	1
1421	2504	1
1421	2505	1
1421	2506	1
1422	2507	1
1423	2508	1
1423	367	1
1424	2509	1
1424	365	1
1424	2510	1
1424	2511	1
1424	368	1
1424	369	1
1424	2512	1
1424	2513	1
1424	373	1
1425	2514	1
1426	64	1
1426	1198	1
1427	2515	1
1428	2516	1
1429	2517	1
1430	2518	1
1431	2519	1
1432	121	1
1433	2520	1
1434	2521	1
1435	2522	1
1436	2523	1
1436	2524	1
1436	2392	1
1436	2525	1
1436	142	1
1436	2526	1
1436	1328	1
1436	76	1
1436	2527	1
1436	1331	1
1437	2528	1
1438	2529	1
1439	2530	1
1439	2531	1
1439	2532	1
1439	2533	1
1440	2534	1
1441	2535	1
1442	2536	1
1443	2537	1
1444	2538	1
1444	2539	1
1444	2540	1
1444	2541	1
1444	2542	1
1444	2543	1
1444	2544	1
1444	2545	1
1444	2546	1
1445	2547	1
1445	76	1
1446	2548	1
1446	2549	1
1446	2550	1
1446	2551	1
1446	2552	1
1446	2553	1
1446	2554	1
1446	2555	1
1446	2556	1
1446	2557	1
1447	424	1
1448	2558	1
1448	2559	1
1448	2560	1
1448	2561	1
1449	2562	1
1450	2563	1
1451	1909	1
1452	2564	1
1453	2565	1
1453	2566	1
1453	2567	1
1453	2568	1
1453	2569	1
1453	2570	1
1454	2571	1
1455	919	1
1456	2572	1
1456	2573	1
1456	2574	1
1456	2575	1
1456	2576	1
1457	2577	1
1458	185	1
1458	181	1
1459	2578	1
1460	2579	1
1461	255	1
1462	2580	1
1463	2581	1
1464	1686	1
1465	142	1
1466	1915	1
1466	2582	1
1466	2583	1
1467	2584	1
1468	2585	1
1469	2586	1
1470	2587	1
1471	2588	1
1472	1237	1
1472	888	1
1472	1238	1
1473	1912	1
1474	2589	1
1475	2590	1
1476	2591	1
1477	582	1
1477	251	1
1477	576	1
1477	2510	1
1477	318	1
1478	2592	1
1478	2593	1
1478	2594	1
1478	2595	1
1478	2596	1
1478	2597	1
1479	631	1
1479	46	1
1479	1488	1
1480	2110	1
1480	2111	1
1480	2112	1
1480	2113	1
1480	2114	1
1480	2115	1
1480	2116	1
1480	2117	1
1480	2118	1
1480	2119	1
1481	2598	1
1481	2599	1
1481	2600	1
1481	2601	1
1481	2602	1
1481	2603	1
1481	2604	1
1482	2605	1
1482	2606	1
1482	2607	1
1482	2608	1
1482	2609	1
1482	2610	1
1482	2611	1
1482	2612	1
1482	2613	1
1482	2614	1
1483	2615	1
1484	2616	1
1485	2617	1
1486	369	1
1487	2618	1
1488	208	1
1488	2619	1
1488	2620	1
1488	2621	1
1488	1648	1
1489	2622	1
1490	2623	1
1490	2624	1
1490	2625	1
1490	2626	1
1491	531	1
1492	1968	1
1492	2627	1
1492	2628	1
1492	2629	1
1492	2630	1
1492	2631	1
1493	163	1
1493	2632	1
1494	2633	1
1494	2634	1
1494	2635	1
1494	2636	1
1494	2637	1
1494	2638	1
1494	2639	1
1494	2640	1
1494	2641	1
1494	2642	1
1495	287	1
1496	2643	1
1496	2644	1
1496	2645	1
1496	2646	1
1496	2647	1
1496	2648	1
1496	2649	1
1496	2650	1
1496	2651	1
1496	2652	1
1497	2653	1
1497	2654	1
1498	2655	1
1499	2656	1
1500	2657	1
1501	2658	1
1502	2659	1
1503	2660	1
1504	2661	1
1505	1334	1
1506	142	1
1507	47	1
1508	1279	1
1509	2662	1
1510	1337	1
1511	2663	1
1512	2664	1
1513	2430	1
1513	2431	1
1513	2432	1
1513	2433	1
1513	2434	1
1513	2435	1
1513	2436	1
1513	2437	1
1513	2438	1
1513	2439	1
1514	2665	1
1514	2666	1
1515	2667	1
1515	2668	1
1515	2669	1
1515	2670	1
1515	2671	1
1516	2672	1
1516	2673	1
1516	2674	1
1517	2143	1
1518	2675	1
1519	2676	1
1520	2677	1
1521	2678	1
1522	2679	1
1523	2680	1
1523	2681	1
1523	2682	1
1523	2683	1
1524	1410	1
1525	2684	1
1526	2685	1
1527	2686	1
1528	2687	1
1528	2688	1
1528	2689	1
1528	2690	1
1528	2691	1
1528	2692	1
1528	2693	1
1528	2694	1
1528	2695	1
1528	2696	1
1529	2697	1
1530	2698	1
1531	1258	1
1532	47	1
1533	79	1
1534	2160	1
1535	816	1
1535	1026	1
1535	910	1
1536	183	1
1536	1128	1
1536	542	1
1536	2699	1
1537	2700	1
1538	2701	1
1539	590	1
1540	118	1
1541	1337	1
1542	1193	1
1542	232	1
1542	213	1
1542	1194	1
1543	142	1
1544	2702	1
1545	2703	1
1546	2704	1
1546	2705	1
1546	2706	1
1547	299	1
1548	2707	1
1548	1173	1
1548	2708	1
1549	2709	1
1550	2710	1
1551	2711	1
1552	2712	1
1553	776	1
1554	2088	1
1554	452	1
1554	197	1
1555	205	1
1555	1000	1
1555	551	1
1555	1024	1
1556	118	1
1557	2713	1
1557	2714	1
1557	2715	1
1558	2716	1
1558	1664	1
1559	1423	1
1560	2717	1
1561	1006	1
1562	2718	1
1562	2719	1
1562	2720	1
1563	2721	1
1564	2722	1
1565	2723	1
1566	2724	1
1567	1595	1
1567	121	1
1567	1028	1
1567	2725	1
1568	333	1
1568	181	1
1568	1826	1
1568	142	1
1568	189	1
1569	2726	1
1570	124	1
1570	125	1
1570	126	1
1570	127	1
1570	128	1
1570	129	1
1570	130	1
1570	131	1
1571	95	1
1572	2727	1
1573	2728	1
1573	2729	1
1573	2730	1
1574	2731	1
1575	2732	1
1576	470	1
1576	2479	1
1576	2733	1
1577	142	1
1578	2734	1
1579	1337	1
1580	2735	1
1581	2736	1
1582	77	1
1583	2737	1
1584	2738	1
1585	581	1
1586	118	1
1587	2739	1
1587	2740	1
1587	1866	1
1587	2741	1
1587	2742	1
1587	2743	1
1587	2744	1
1587	2745	1
1587	2746	1
1588	2747	1
1589	47	1
1590	2748	1
1591	1514	1
1592	2749	1
1593	2750	1
1594	2751	1
1595	1194	1
1596	2752	1
1597	2753	1
1597	2754	1
1598	1691	1
1598	2755	1
1598	659	1
1599	581	1
1599	1555	1
1599	312	1
1599	2756	1
1599	249	1
1599	2757	1
1599	2758	1
1599	496	1
1599	2759	1
1599	430	1
1600	333	1
1600	927	1
1600	2441	1
1600	2442	1
1600	52	1
1600	2443	1
1600	1757	1
1600	1111	1
1600	2444	1
1600	185	1
1601	2760	1
1602	2761	1
1603	422	1
1604	689	1
1605	2762	1
1606	1187	1
1607	461	1
1608	2763	1
1609	2764	1
1609	2765	1
1610	1467	1
1611	333	1
1611	2766	1
1611	142	1
1611	1003	1
1612	299	1
1613	2767	1
1614	2768	1
1615	1992	1
1616	2769	1
1617	461	1
1617	202	1
1618	2770	1
1619	2578	1
1620	1985	1
1621	2771	1
1622	79	1
1622	85	1
1622	56	1
1623	2132	1
1624	2772	1
1624	209	1
1624	207	1
1624	210	1
1625	2773	1
1626	1119	1
1626	2326	1
1626	2774	1
1626	188	1
1627	52	1
1627	2775	1
1628	2776	1
1629	2777	1
1630	1218	1
1630	1219	1
1630	1220	1
1630	1221	1
1630	1222	1
1630	1223	1
1630	1224	1
1630	1225	1
1630	1226	1
1630	1227	1
1631	677	1
1631	198	1
1632	2342	1
1632	2343	1
1632	910	1
1633	2778	1
1634	1488	1
1635	2779	1
1636	2780	1
1636	2781	1
1636	2782	1
1636	2783	1
1636	2784	1
1636	2785	1
1636	2786	1
1636	2787	1
1636	2788	1
1636	2789	1
1637	2790	1
1638	1028	1
1639	484	1
1640	2004	1
1641	880	1
1642	2791	1
1642	2792	1
1642	2793	1
1643	2794	1
1643	2795	1
1643	806	1
1644	2796	1
1645	2797	1
1646	2523	1
1647	2798	1
1648	2799	1
1649	2800	1
1650	1323	1
1650	1325	1
1650	1326	1
1650	2098	1
1650	1328	1
1650	2801	1
1650	1331	1
1651	2802	1
1651	2803	1
1652	2804	1
1653	2805	1
1654	2806	1
1655	1337	1
1656	2658	1
1657	2807	1
1657	2808	1
1657	2809	1
1658	2810	1
1658	2811	1
1659	418	1
1660	2812	1
1661	79	1
1662	1442	1
1663	2813	1
1664	2814	1
1664	2815	1
1664	2816	1
1665	2817	1
1666	36	1
1667	1517	1
1668	2094	1
1669	2818	1
1670	2348	1
1671	369	1
1672	2819	1
1673	6	1
1673	1422	1
1673	590	1
1674	1717	1
1675	1514	1
1676	2820	1
1676	2821	1
1676	910	1
1677	2779	1
1677	2822	1
1677	2823	1
1678	2824	1
1679	2825	1
1680	2826	1
1681	2779	1
1681	2822	1
1681	2823	1
1682	2827	1
1683	449	1
1684	2828	1
1685	906	1
1686	2829	1
1687	2830	1
1688	2831	1
1688	882	1
1688	2832	1
1688	2833	1
1688	880	1
1688	2834	1
1688	2835	1
1689	2836	1
1689	2700	1
1689	2837	1
1689	2838	1
1689	2839	1
1689	2840	1
1689	2841	1
1689	1230	1
1689	2842	1
1689	2843	1
1690	2844	1
1690	76	1
1691	2845	1
1692	2846	1
1692	2847	1
1692	2848	1
1692	2095	1
1692	2849	1
1692	2850	1
1692	2851	1
1692	2852	1
1692	2853	1
1693	56	1
1694	2854	1
1695	36	1
1696	1664	1
1697	2855	1
1697	2856	1
1697	2857	1
1698	1238	1
1699	2092	1
1700	2858	1
1701	2859	1
1701	2860	1
1702	319	1
1703	2861	1
1704	2862	1
1705	2863	1
1706	2864	1
1707	2865	1
1708	2866	1
1709	2867	1
1710	2868	1
1711	2869	1
1712	2870	1
1713	2871	1
1714	2872	1
1714	2873	1
1714	2874	1
1714	2875	1
1714	2876	1
1714	2877	1
1714	2878	1
1714	2879	1
1714	2880	1
1714	2881	1
1715	1336	1
1716	2882	1
1717	2883	1
1717	2884	1
1718	1084	1
1719	2885	1
1719	2886	1
1719	2887	1
1719	2888	1
1719	2889	1
1719	1597	1
1719	860	1
1719	2890	1
1719	2891	1
1719	2892	1
1720	142	1
1721	72	1
1721	835	1
1722	2893	1
1723	1868	1
1724	1955	1
1725	769	1
1726	1215	1
1726	2894	1
1726	1214	1
1726	1216	1
1727	76	1
1728	2223	1
1729	2895	1
1729	2896	1
1729	2897	1
1729	2898	1
1729	2899	1
1729	2900	1
1729	2901	1
1729	2902	1
1729	2903	1
1729	2904	1
1730	2905	1
1730	2906	1
1730	2907	1
1730	2908	1
1730	2909	1
1730	2910	1
1730	2911	1
1730	2912	1
1730	2913	1
1730	2914	1
1731	2915	1
1731	2916	1
1732	2917	1
1733	333	1
1733	927	1
1733	789	1
1733	142	1
1733	52	1
1733	2703	1
1733	1111	1
1734	924	1
1734	1712	1
1734	49	1
1734	1713	1
1735	1193	1
1735	232	1
1735	213	1
1735	1194	1
1736	2918	1
1737	2919	1
1738	2920	1
1738	2921	1
1739	1718	1
1740	2922	1
1741	2923	1
1742	2924	1
1742	2925	1
1742	2926	1
1742	287	1
1742	2927	1
1742	2928	1
1742	2929	1
1742	2930	1
1742	233	1
1742	2931	1
1743	2932	1
1743	2933	1
1743	2934	1
1743	2935	1
1743	2936	1
1743	2937	1
1743	53	1
1743	2938	1
1743	2939	1
1743	2940	1
1744	142	1
1745	2941	1
1745	2942	1
1745	2943	1
1745	1372	1
1745	2944	1
1746	2945	1
1747	2946	1
1748	1047	1
1748	1048	1
1748	1049	1
1748	1050	1
1748	1051	1
1748	1052	1
1748	1053	1
1748	1054	1
1748	1055	1
1748	1056	1
1749	2947	1
1749	2948	1
1749	2949	1
1749	2950	1
1749	2951	1
1750	2952	1
1751	1450	1
1752	1170	1
1753	2953	1
1753	2954	1
1753	2955	1
1753	2956	1
1753	2957	1
1753	2958	1
1753	2959	1
1753	2960	1
1753	2961	1
1753	2962	1
1754	2963	1
1755	2964	1
1756	1118	1
1757	2965	1
1758	2966	1
1758	2967	1
1759	1153	1
1760	2348	1
1761	2968	1
1761	2969	1
1761	2970	1
1761	2971	1
1761	2972	1
1761	2973	1
1761	2974	1
1761	2975	1
1761	2976	1
1761	2977	1
1762	2978	1
1762	2979	1
1762	2980	1
1762	2981	1
1762	2982	1
1762	2983	1
1762	2575	1
1762	2984	1
1762	2985	1
1763	290	1
1764	2986	1
1765	2987	1
1766	148	1
1766	149	1
1766	147	1
1766	146	1
1766	150	1
1766	151	1
1766	152	1
1766	153	1
1766	154	1
1766	155	1
1767	2988	1
1768	1644	1
1768	1194	1
1768	422	1
1769	2989	1
1770	2990	1
1771	2991	1
1772	333	1
1772	927	1
1772	789	1
1772	142	1
1772	52	1
1772	2703	1
1772	1111	1
1773	1782	1
1774	2992	1
1775	1691	1
1776	2230	1
1777	1619	1
1777	1620	1
1777	1621	1
1778	2993	1
1778	2994	1
1779	2995	1
1780	1411	1
1781	2996	1
1782	1124	1
1782	1125	1
1782	1126	1
1783	342	1
1783	2997	1
1783	2998	1
1783	287	1
1783	2999	1
1783	343	1
1784	142	1
1785	3000	1
1786	3001	1
1787	3002	1
1788	1005	1
1789	3003	1
1790	3004	1
1791	3005	1
1792	3006	1
1793	3007	1
1793	3008	1
1793	3009	1
1793	3010	1
1793	3011	1
1793	3012	1
1793	3013	1
1793	3014	1
1793	3015	1
1793	1842	1
1794	689	1
1794	3016	1
1795	3017	1
1796	8	1
1797	2195	1
1798	3018	1
1798	3019	1
1798	3020	1
1799	3021	1
1800	294	1
1801	312	1
1801	313	1
1802	3022	1
1802	3023	1
1803	3024	1
1803	3025	1
1803	1027	1
1804	25	1
1804	49	1
1804	574	1
1804	26	1
1805	911	1
1806	3026	1
1807	3027	1
1807	142	1
1807	357	1
1807	3028	1
1808	2214	1
1809	1403	1
1810	1170	1
1811	3029	1
1812	3030	1
1813	3031	1
1814	1337	1
1815	3032	1
1816	1791	1
1816	3033	1
1816	3034	1
1816	1787	1
1816	3035	1
1816	3036	1
1817	142	1
1817	3037	1
1817	254	1
1818	85	1
1819	369	1
1820	581	1
1821	3038	1
1822	3039	1
1822	3040	1
1822	3041	1
1822	478	1
1822	3042	1
1822	3043	1
1822	3044	1
1822	3045	1
1822	3046	1
1822	3047	1
1823	3048	1
1824	3049	1
1824	3050	1
1824	3051	1
1824	3052	1
1824	3053	1
1824	3054	1
1824	3055	1
1824	3056	1
1824	3057	1
1824	3058	1
1825	1411	1
1826	2699	1
1826	3059	1
1826	3060	1
1826	3061	1
1826	1128	1
1826	1134	1
1826	3062	1
1826	635	1
1826	188	1
1826	898	1
1827	3063	1
1828	3064	1
1828	3065	1
1828	880	1
1829	47	1
1830	3066	1
1831	249	1
1832	2836	1
1832	2837	1
1832	3067	1
1832	3068	1
1832	3069	1
1832	3070	1
1832	1230	1
1832	3071	1
1832	3072	1
1832	3073	1
1833	3074	1
1834	3075	1
1835	3076	1
1836	3077	1
1837	3078	1
1837	3079	1
1837	3080	1
1837	3081	1
1837	3082	1
1837	3083	1
1837	3084	1
1837	3085	1
1837	3086	1
1837	896	1
1838	3087	1
1839	659	1
1840	3088	1
1841	1717	1
1842	36	1
1843	3089	1
1844	3090	1
1844	3091	1
1844	3092	1
1845	3093	1
1846	1644	1
1846	1645	1
1846	1646	1
1846	1647	1
1846	1648	1
1847	2731	1
1848	909	1
1848	816	1
1848	910	1
1849	3094	1
1849	3095	1
1849	3096	1
1849	3097	1
1849	3098	1
1849	3099	1
1849	3100	1
1849	3101	1
1849	3102	1
1849	3103	1
1850	249	1
1850	314	1
1851	3104	1
1851	3105	1
1851	3106	1
1852	1209	1
1853	3107	1
1854	3108	1
1854	3109	1
1854	3110	1
1854	3111	1
1854	3112	1
1854	3113	1
1854	3114	1
1854	3115	1
1854	3116	1
1854	3117	1
1855	3118	1
1856	3119	1
1857	3120	1
1858	79	1
1859	3121	1
1860	3122	1
1861	2588	1
1862	3123	1
1863	3124	1
1864	3125	1
1864	3126	1
1864	3127	1
1864	3128	1
1864	3129	1
1864	3130	1
1864	3131	1
1864	3132	1
1864	3133	1
1864	3134	1
1865	3135	1
1866	1337	1
1867	1101	1
1867	1102	1
1867	542	1
1867	1103	1
1868	2017	1
1868	3136	1
1868	3137	1
1869	3138	1
1870	3139	1
1871	880	1
1871	419	1
1871	881	1
1871	882	1
1872	3140	1
1873	333	1
1873	1303	1
1873	3141	1
1873	142	1
1873	56	1
1873	189	1
1873	2703	1
1873	2296	1
1873	3142	1
1873	3143	1
1874	3144	1
1875	3145	1
1876	1329	1
1877	1448	1
1877	3146	1
1878	3147	1
1879	3148	1
1880	3149	1
1880	1626	1
1880	3150	1
1880	3151	1
1881	3152	1
1882	333	1
1883	3024	1
1883	3025	1
1883	1027	1
1884	3153	1
1885	3154	1
1886	3155	1
1887	785	1
1888	3156	1
1889	256	1
1890	3157	1
1890	3158	1
1891	574	1
1892	873	1
1893	1867	1
1893	290	1
1893	1194	1
1894	3159	1
1895	3160	1
1896	574	1
1897	1303	1
1897	6	1
1897	3161	1
1898	694	1
1899	85	1
1900	3162	1
1900	3163	1
1900	3164	1
1900	3165	1
1900	3166	1
1900	3167	1
1900	3168	1
1900	3169	1
1900	3170	1
1901	232	1
1902	649	1
1903	3171	1
1904	3172	1
1905	3173	1
1906	3174	1
1907	3175	1
1907	3176	1
1908	3177	1
1908	3178	1
1908	3179	1
1908	3180	1
1908	3181	1
1908	3182	1
1908	3183	1
1908	3184	1
1908	3185	1
1908	3186	1
1909	3187	1
1910	3188	1
1910	3189	1
1910	3190	1
1910	3191	1
1910	3192	1
1910	3193	1
1910	3194	1
1910	3195	1
1910	3196	1
1910	3197	1
1911	3198	1
1911	3199	1
1911	3200	1
1911	3201	1
1911	2675	1
1911	3202	1
1911	3203	1
1911	3204	1
1911	3205	1
1912	928	1
1913	3206	1
1914	3207	1
1915	430	1
1916	3208	1
1916	3209	1
1916	3210	1
1916	3211	1
1916	3212	1
1916	3213	1
1916	3214	1
1916	3215	1
1916	3216	1
1916	3217	1
1917	3218	1
1917	3219	1
1918	3220	1
1919	1648	1
1920	419	1
1920	3221	1
1920	881	1
1921	507	1
1921	508	1
1921	509	1
1921	510	1
1921	511	1
1921	512	1
1921	513	1
1921	514	1
1921	515	1
1922	3173	1
1922	3222	1
1923	3223	1
1924	688	1
1924	3224	1
1924	3225	1
1924	3226	1
1924	198	1
1924	3227	1
1924	685	1
1924	3228	1
1925	3229	1
1926	2655	1
1927	2327	1
1927	2328	1
1927	2329	1
1927	2330	1
1927	2331	1
1928	817	1
1928	818	1
1928	1000	1
1929	142	1
1929	76	1
1929	255	1
1930	3230	1
1931	839	1
1932	3231	1
1933	3232	1
1934	3188	1
1934	3189	1
1934	3190	1
1934	3191	1
1934	3192	1
1934	3193	1
1934	3194	1
1934	3195	1
1934	3196	1
1934	3197	1
1935	551	1
1936	3233	1
1937	3234	1
1938	1279	1
1939	3235	1
1940	3236	1
1940	1303	1
1941	1303	1
1941	3237	1
1941	8	1
1942	3238	1
1943	3239	1
1944	3240	1
1945	3241	1
1945	3242	1
1945	3243	1
1945	3244	1
1945	3245	1
1945	3246	1
1945	3032	1
1945	3247	1
1945	3248	1
1945	3249	1
1946	3250	1
1946	2738	1
1947	3251	1
1948	3252	1
1948	3253	1
1948	3254	1
1948	3255	1
1948	3256	1
1948	3257	1
1948	3258	1
1948	3259	1
1948	3260	1
1948	3261	1
1949	3262	1
1950	3263	1
1950	3264	1
1950	1026	1
1951	3265	1
1952	3266	1
1952	3267	1
1952	3268	1
1952	3269	1
1952	3270	1
1952	3271	1
1952	3272	1
1952	3273	1
1952	3274	1
1952	3275	1
1953	3276	1
1954	3277	1
1955	850	1
1956	3278	1
1956	3279	1
1956	341	1
1957	3280	1
1957	3281	1
1958	3282	1
1959	777	1
1960	3223	1
1961	3283	1
1962	576	1
1962	3284	1
1962	1236	1
1962	318	1
1963	2215	1
1964	816	1
1965	3285	1
1966	3286	1
1966	3287	1
1966	1141	1
1967	3288	1
1967	3289	1
1967	3290	1
1967	3291	1
1967	3292	1
1967	3293	1
1968	2655	1
1969	3294	1
1970	142	1
1971	1638	1
1972	1977	1
1973	3295	1
1974	3296	1
1975	3297	1
1976	3298	1
1976	3299	1
1977	3300	1
1978	3301	1
1979	684	1
1979	685	1
1979	686	1
1979	687	1
1979	688	1
1980	60	1
1981	3302	1
1982	3303	1
1983	3156	1
1984	3304	1
1984	3305	1
1984	3306	1
1984	3307	1
1984	3308	1
1984	3309	1
1985	3310	1
1985	3311	1
1986	3312	1
1987	1618	1
1988	3313	1
1989	970	1
1990	1026	1
1991	1788	1
1992	3314	1
1992	3315	1
1992	3316	1
1992	3317	1
1992	3318	1
1992	3319	1
1992	3320	1
1992	3321	1
1992	3322	1
1992	3323	1
1993	3324	1
1994	3325	1
1995	581	1
1996	1303	1
1996	6	1
1996	3326	1
1997	3327	1
1998	3328	1
1999	3329	1
1999	3330	1
2000	3331	1
2000	3332	1
2000	3333	1
2000	3334	1
2000	3335	1
2000	3336	1
2000	3337	1
2000	3338	1
2000	3339	1
2000	3340	1
2001	3341	1
2001	1237	1
2001	888	1
2001	1238	1
2002	3342	1
2003	47	1
2004	617	1
2005	52	1
2006	3343	1
2007	2655	1
2008	3344	1
2009	3345	1
2010	3346	1
2011	3347	1
2012	3348	1
2013	3349	1
2014	3350	1
2014	3351	1
2014	3352	1
2014	3353	1
2014	3354	1
2014	3355	1
2014	3356	1
2014	3357	1
2014	3358	1
2014	3359	1
2015	3360	1
2016	3361	1
2016	3362	1
2016	3363	1
2016	3364	1
2016	3365	1
2016	3366	1
2016	3367	1
2016	3368	1
2016	3369	1
2016	3370	1
2017	582	1
2017	3371	1
2017	251	1
2017	2207	1
2018	287	1
2019	3372	1
2019	3373	1
2020	3374	1
2021	3375	1
2022	117	1
2022	118	1
2022	119	1
2022	120	1
2023	3376	1
2024	3377	1
2024	3378	1
2024	3379	1
2024	3380	1
2024	3381	1
2024	3382	1
2024	3383	1
2024	3384	1
2024	3385	1
2024	3386	1
2025	2143	1
2026	912	1
2027	3387	1
2028	3388	1
2029	3389	1
2029	3390	1
2030	2699	1
2031	333	1
2031	927	1
2031	789	1
2031	142	1
2031	52	1
2031	2703	1
2031	1111	1
2032	1473	1
2032	519	1
2032	3391	1
2033	430	1
2034	3392	1
2035	1336	1
2036	1488	1
2037	3393	1
2038	650	1
2039	3394	1
2040	3395	1
2041	3396	1
2041	3397	1
2041	3398	1
2041	3399	1
2041	3400	1
2041	3401	1
2041	3402	1
2041	3403	1
2041	3404	1
2041	3405	1
2042	312	1
2042	430	1
2042	313	1
2042	1555	1
2043	3406	1
2043	3407	1
2043	3408	1
2043	287	1
2043	3409	1
2043	3410	1
2043	3411	1
2043	3412	1
2043	3413	1
2044	3414	1
2044	3415	1
2044	3416	1
2044	3417	1
2044	3418	1
2044	3419	1
2044	3420	1
2044	3421	1
2044	3422	1
2044	3423	1
2045	3424	1
2045	3425	1
2046	3426	1
2047	2992	1
2048	3427	1
2049	373	1
2050	205	1
2050	910	1
2050	551	1
2050	1024	1
2051	503	1
2052	198	1
2052	199	1
2052	200	1
2052	201	1
2052	202	1
2053	1132	1
2053	1128	1
2053	3428	1
2053	3061	1
2053	3429	1
2053	3430	1
2053	3062	1
2053	2774	1
2053	1118	1
2053	1133	1
2054	47	1
2055	3431	1
2056	3432	1
2057	3433	1
2057	3434	1
2057	3435	1
2057	3436	1
2057	1095	1
2057	3437	1
2057	3438	1
2058	3439	1
2058	3440	1
2058	3441	1
2058	3442	1
2058	1498	1
2058	3443	1
2058	3444	1
2058	1687	1
2058	3445	1
2058	3446	1
2059	3447	1
2059	3448	1
2059	3449	1
2059	3450	1
2059	3451	1
2059	3452	1
2059	3453	1
2060	3454	1
2061	3455	1
2062	3456	1
2063	1279	1
2064	3457	1
2065	677	1
2065	198	1
2066	3458	1
2067	3459	1
2068	3460	1
2069	590	1
2070	657	1
2071	3461	1
2072	3462	1
2073	1644	1
2074	1644	1
2074	677	1
2074	1646	1
2074	198	1
2074	3463	1
2075	3464	1
2076	3465	1
2077	876	1
2078	1644	1
2078	1645	1
2078	1646	1
2078	1647	1
2078	1648	1
2079	3466	1
2080	1029	1
2080	1030	1
2080	1031	1
2080	1032	1
2080	1033	1
2080	1034	1
2080	1035	1
2080	1036	1
2080	1037	1
2080	1038	1
2081	3467	1
2081	3468	1
2081	3469	1
2081	3470	1
2081	3471	1
2081	3472	1
2081	3473	1
2081	3474	1
2081	3475	1
2081	3476	1
2082	1618	1
2083	3477	1
2084	1303	1
2085	3478	1
2085	3479	1
2085	3480	1
2085	3481	1
2085	3482	1
2085	3483	1
2085	3484	1
2085	3485	1
2085	3486	1
2085	3487	1
2086	3313	1
2087	333	1
2087	142	1
2088	1776	1
2088	1777	1
2088	1778	1
2089	3149	1
2089	1626	1
2089	3150	1
2089	3151	1
2090	3488	1
2091	1649	1
2091	1650	1
2091	1651	1
2091	1652	1
2091	1653	1
2091	1654	1
2091	1655	1
2091	1656	1
2091	1657	1
2091	1658	1
2092	2735	1
2093	2380	1
2094	3489	1
2095	816	1
2095	1024	1
2095	818	1
2095	1025	1
2095	1026	1
2096	3490	1
2097	3491	1
2098	1623	1
2099	1194	1
2100	3492	1
2101	3493	1
2101	3494	1
2101	3495	1
2101	3496	1
2101	3497	1
2101	3498	1
2101	3499	1
2101	3500	1
2101	3501	1
2102	3502	1
2103	3503	1
2104	3504	1
2105	3505	1
2106	3459	1
2107	2967	1
2108	3506	1
2109	3087	1
2110	3507	1
2111	3508	1
2112	1538	1
2113	46	1
2114	3509	1
2114	2965	1
2115	1644	1
2115	1194	1
2115	422	1
2116	3510	1
2116	3511	1
2116	3512	1
2116	3513	1
2116	3514	1
2116	3515	1
2117	1423	1
2118	3516	1
2119	3517	1
2119	3518	1
2119	213	1
2119	3519	1
2120	816	1
2120	1026	1
2120	910	1
2121	3520	1
2122	1448	1
2122	3146	1
2123	1161	1
2124	3521	1
2124	3522	1
2124	3523	1
2124	3334	1
2124	3524	1
2124	3525	1
2124	3526	1
2124	3527	1
2124	3528	1
2124	3529	1
2125	1518	1
2126	3530	1
2127	1184	1
2127	880	1
2127	881	1
2128	1849	1
2128	1850	1
2128	1851	1
2129	52	1
2130	1992	1
2131	3531	1
2132	75	1
2133	3532	1
2134	485	1
2134	486	1
2134	487	1
2134	488	1
2134	489	1
2134	490	1
2134	491	1
2134	492	1
2134	493	1
2134	494	1
2135	3533	1
2136	816	1
2137	3534	1
2138	2480	1
2139	385	1
2139	386	1
2139	387	1
2139	388	1
2139	389	1
2139	390	1
2139	391	1
2139	392	1
2139	393	1
2139	394	1
2140	3535	1
2141	3536	1
2141	3537	1
2142	3538	1
2142	3539	1
2142	3540	1
2142	3541	1
2142	3542	1
2143	927	1
2144	1237	1
2144	1238	1
2144	3543	1
2144	1150	1
2144	910	1
2145	3544	1
2145	3545	1
2145	3546	1
2145	3547	1
2145	3548	1
2145	3549	1
2145	3550	1
2145	3551	1
2145	3552	1
2145	3553	1
2146	3554	1
2146	3555	1
2146	3556	1
2146	3557	1
2146	3558	1
2146	3559	1
2146	3560	1
2146	3561	1
2146	1054	1
2146	3562	1
2147	3563	1
2147	3564	1
2147	3565	1
2148	2364	1
2148	3566	1
2148	368	1
2148	369	1
2148	3567	1
2148	472	1
2148	3568	1
2149	909	1
2149	1026	1
2150	3569	1
2151	880	1
2152	1179	1
2152	3570	1
2153	3571	1
2154	2800	1
2154	1270	1
2155	3572	1
2156	3573	1
2156	3574	1
2156	3575	1
2157	3576	1
2158	1394	1
2158	3577	1
2158	3578	1
2158	3579	1
2158	3580	1
2159	25	1
2159	3581	1
2159	3582	1
2159	576	1
2159	2158	1
2159	2858	1
2160	3583	1
2161	369	1
2162	3584	1
2162	3585	1
2162	3586	1
2162	3587	1
2162	3588	1
2163	60	1
2164	924	1
2165	3589	1
2166	3590	1
2167	31	1
2168	875	1
2168	876	1
2169	316	1
2169	574	1
2169	617	1
2170	430	1
2171	3591	1
2172	394	1
2173	3592	1
2173	3593	1
2173	3594	1
2174	3595	1
2175	816	1
2175	817	1
2175	451	1
2175	910	1
2176	3596	1
2177	1977	1
2177	3597	1
2177	871	1
2177	2224	1
2178	1626	1
2179	36	1
2180	927	1
2181	3598	1
2182	3599	1
2183	3600	1
2184	1889	1
2184	1280	1
2185	3601	1
2186	3602	1
2187	581	1
2188	1082	1
2189	3603	1
2190	3604	1
2191	3235	1
2192	1410	1
2193	3605	1
2194	2764	1
2194	2765	1
2195	47	1
2196	2132	1
2197	299	1
2197	300	1
2198	3606	1
2199	1461	1
2199	1462	1
2199	1463	1
2199	1464	1
2199	76	1
2199	1084	1
2200	3607	1
2201	3608	1
2202	3609	1
2203	3610	1
2204	1841	1
2205	3611	1
2206	3612	1
2207	1304	1
2207	3613	1
2208	3614	1
2208	881	1
2209	3615	1
2209	3616	1
2209	3617	1
2209	3618	1
2209	3619	1
2209	3620	1
2209	3621	1
2210	3622	1
2210	3623	1
2210	3624	1
2210	3625	1
2210	3626	1
2211	1304	1
2212	3627	1
2213	3628	1
2214	334	1
2215	3629	1
2216	1192	1
2217	2260	1
2218	424	1
2219	3630	1
2220	834	1
2220	70	1
2220	142	1
2220	52	1
2220	60	1
2220	640	1
2221	3631	1
2221	3632	1
2221	255	1
2221	3633	1
2222	3634	1
2223	3635	1
2223	3636	1
2224	3637	1
2225	3638	1
2226	3639	1
2226	3640	1
2226	3641	1
2226	3642	1
2226	3643	1
2226	3644	1
2226	3645	1
2226	3646	1
2226	3647	1
2226	3648	1
2227	886	1
2228	3649	1
2229	52	1
2229	3650	1
2230	3651	1
2231	2421	1
2231	3652	1
2232	3653	1
2233	989	1
2234	3654	1
2234	3655	1
2235	3656	1
2236	620	1
2237	3657	1
2237	3658	1
2237	3659	1
2237	3660	1
2237	3661	1
2237	3662	1
2237	3663	1
2237	3664	1
2237	3665	1
2237	3666	1
2238	3667	1
2239	2183	1
2239	3668	1
2239	3669	1
2239	2795	1
2239	318	1
2240	3670	1
2240	3671	1
2240	3672	1
2240	3673	1
2240	3674	1
2240	3675	1
2240	3676	1
2240	3677	1
2240	3678	1
2241	3679	1
2242	3680	1
2243	3681	1
2243	3682	1
2244	2677	1
2245	3683	1
2246	75	1
2247	3684	1
2248	3060	1
2249	422	1
2250	52	1
2250	118	1
2251	3685	1
2252	3686	1
2253	3687	1
2254	1852	1
2255	1238	1
2256	3688	1
2256	3689	1
2256	3690	1
2256	3691	1
2256	3692	1
2256	3693	1
2256	3694	1
2256	3695	1
2256	3696	1
2256	3697	1
2257	3698	1
2258	820	1
2259	3699	1
2259	3700	1
2259	3701	1
2259	877	1
2260	3702	1
2260	3703	1
2260	3704	1
2260	3705	1
2261	3706	1
2261	3707	1
2261	3708	1
2261	3709	1
2261	3710	1
2262	56	1
2263	1009	1
2264	3711	1
2265	657	1
2266	3712	1
2266	3713	1
2266	3714	1
2266	1231	1
2266	3715	1
2266	3716	1
2267	3717	1
2268	3718	1
2269	3719	1
2270	590	1
2271	287	1
2272	3720	1
2273	3721	1
2274	301	1
2275	47	1
2276	3722	1
2276	3723	1
2276	3724	1
2276	3725	1
2276	3726	1
2277	3727	1
2278	3728	1
2279	3614	1
2279	881	1
2280	3729	1
2281	3730	1
2281	3731	1
2281	3732	1
2281	3733	1
2281	3734	1
2281	3735	1
2281	3736	1
2281	3737	1
2281	3738	1
2281	3739	1
2282	3740	1
2283	60	1
2284	3741	1
2285	3742	1
2286	581	1
2287	3743	1
2287	3744	1
2287	3745	1
2287	3746	1
2287	3747	1
2287	3748	1
2287	3749	1
2287	3750	1
2287	3751	1
2287	3752	1
2288	3753	1
2289	3754	1
2290	1954	1
2290	461	1
2291	93	1
2292	47	1
2293	3755	1
2294	857	1
2294	859	1
2294	1894	1
2294	864	1
2294	3756	1
2294	3757	1
2295	2548	1
2295	2549	1
2295	2550	1
2295	2551	1
2295	2552	1
2295	2553	1
2295	2554	1
2295	2555	1
2295	2556	1
2295	2557	1
2296	3758	1
2296	3759	1
2296	3760	1
2296	3761	1
2296	3762	1
2296	3763	1
2296	3764	1
2296	3765	1
2296	3766	1
2296	3767	1
2297	3768	1
2297	1026	1
2298	1303	1
2298	52	1
2299	3769	1
2300	1334	1
2301	3770	1
2302	3771	1
2302	3772	1
2302	519	1
2303	3773	1
2304	3774	1
2305	430	1
2305	1555	1
2306	3775	1
2307	3776	1
2308	3777	1
2309	249	1
2310	3778	1
2310	3779	1
2310	3780	1
2310	3781	1
2310	3782	1
2310	3783	1
2311	3784	1
2312	3785	1
2313	957	1
2314	2769	1
2315	3786	1
2315	3787	1
2315	3788	1
2315	3789	1
2315	3790	1
2316	749	1
2317	1473	1
2317	519	1
2317	3391	1
2318	1555	1
2319	921	1
2320	3791	1
2321	3792	1
2321	576	1
2321	3793	1
2321	3794	1
2322	1592	1
2323	3795	1
2323	1909	1
2324	3796	1
2325	3797	1
2325	3798	1
2326	3799	1
2326	3800	1
2326	3801	1
2327	3802	1
2328	3803	1
2329	47	1
2330	75	1
2330	142	1
2330	3489	1
2331	857	1
2331	859	1
2331	3804	1
2331	2972	1
2331	3805	1
2331	3756	1
2332	590	1
2333	1193	1
2333	232	1
2333	213	1
2333	1194	1
2334	2364	1
2334	3806	1
2335	3807	1
2336	1161	1
2337	3503	1
2338	47	1
2339	3278	1
2340	75	1
2341	3808	1
2342	3809	1
2343	3809	1
2344	6	1
2344	1422	1
2344	590	1
2345	2230	1
2346	3810	1
2347	1085	1
2347	1086	1
2347	1087	1
2347	1088	1
2347	1089	1
2347	1090	1
2347	1091	1
2347	1092	1
2347	1093	1
2347	1094	1
2348	3811	1
2349	3812	1
2350	2380	1
2351	3813	1
2351	3814	1
2351	3815	1
2352	3816	1
2352	3817	1
2352	3818	1
2352	3819	1
2352	3820	1
2352	3821	1
2352	3822	1
2352	3823	1
2352	3824	1
2352	3825	1
2353	817	1
2353	451	1
2353	910	1
2354	333	1
2354	927	1
2354	2441	1
2354	2442	1
2354	52	1
2354	2443	1
2354	1757	1
2354	1111	1
2354	2444	1
2354	185	1
2355	3826	1
2355	3827	1
2356	3828	1
2357	3829	1
2358	3830	1
2359	3831	1
2359	574	1
2359	1236	1
2359	617	1
2360	3832	1
2361	3833	1
2361	3834	1
2361	3835	1
2362	3836	1
2363	2449	1
2363	3837	1
2363	2295	1
2363	1505	1
2364	3838	1
2365	3839	1
2366	2342	1
2366	2343	1
2366	910	1
2367	3840	1
2367	3841	1
2367	3842	1
2368	232	1
2368	3843	1
2368	1733	1
2369	294	1
2370	649	1
2371	56	1
2372	3844	1
2373	185	1
2373	181	1
2374	3845	1
2374	3846	1
2374	3847	1
2374	3848	1
2374	3849	1
2375	3850	1
2376	2333	1
2377	2925	1
2377	3851	1
2377	294	1
2377	287	1
2378	1352	1
2379	3852	1
2380	3853	1
2381	3854	1
2382	3235	1
2383	3855	1
2384	3856	1
2385	3857	1
2386	817	1
2386	818	1
2386	1000	1
2387	3858	1
2387	1710	1
2388	3859	1
2388	3860	1
2388	3861	1
2388	3862	1
2388	3863	1
2388	2461	1
2388	3864	1
2388	3865	1
2388	3866	1
2388	3867	1
2389	3868	1
2390	3869	1
2391	1473	1
2391	1861	1
2391	519	1
2392	3870	1
2392	3871	1
2392	3872	1
2392	3873	1
2392	3874	1
2392	3875	1
2392	3876	1
2392	3877	1
2392	3878	1
2392	3879	1
2393	3880	1
2394	1279	1
2395	3881	1
2396	3882	1
2397	2769	1
2398	1334	1
2399	2181	1
2400	3883	1
2401	3884	1
2401	3885	1
2402	3886	1
2403	573	1
2403	316	1
2403	574	1
2403	575	1
2403	318	1
2403	576	1
2403	577	1
2403	49	1
2403	578	1
2403	579	1
2404	2050	1
2405	3887	1
2406	1712	1
2407	3888	1
2408	47	1
2409	3889	1
2409	3890	1
2409	3891	1
2409	3892	1
2409	3893	1
2409	3894	1
2409	3895	1
2409	3896	1
2409	3897	1
2409	3898	1
2410	146	1
2410	147	1
2410	148	1
2410	149	1
2410	150	1
2410	151	1
2410	152	1
2410	153	1
2410	154	1
2410	155	1
2411	3899	1
2411	3900	1
2412	970	1
2413	1992	1
2414	3901	1
2415	2364	1
2416	3902	1
2417	3903	1
2418	3904	1
2419	822	1
2419	839	1
2420	79	1
2421	282	1
2421	283	1
2421	284	1
2421	285	1
2421	286	1
2421	287	1
2421	288	1
2421	289	1
2421	290	1
2421	291	1
2422	1176	1
2423	2653	1
2424	576	1
2424	617	1
2425	3905	1
2426	3906	1
2427	3907	1
2428	3908	1
2429	3909	1
2429	3910	1
2429	3911	1
2429	3912	1
2430	1187	1
2431	581	1
2432	3913	1
2433	1957	1
2433	1958	1
2433	1959	1
2433	1960	1
2433	1961	1
2433	1962	1
2433	1963	1
2433	1964	1
2433	1965	1
2434	3914	1
2435	2530	1
2435	2531	1
2435	2532	1
2435	2533	1
2436	3915	1
2437	3916	1
2438	3917	1
2439	3584	1
2439	3585	1
2439	3586	1
2439	3587	1
2439	3588	1
2440	1992	1
2441	142	1
2442	142	1
2443	453	1
2443	576	1
2443	318	1
2444	76	1
2445	3918	1
2446	3919	1
2447	1187	1
2448	342	1
2449	3920	1
2450	36	1
2451	1717	1
2452	3921	1
2453	3922	1
2454	36	1
2455	1231	1
2456	3923	1
2457	3786	1
2457	3787	1
2457	3788	1
2457	3789	1
2457	3790	1
2458	953	1
2459	616	1
2459	3924	1
2459	3925	1
2460	3926	1
2461	79	1
2461	877	1
2461	54	1
2461	81	1
2461	56	1
2461	878	1
2461	791	1
2461	60	1
2461	498	1
2461	85	1
2462	3927	1
2463	877	1
2464	75	1
2465	2536	1
2466	1646	1
2467	1909	1
2467	3928	1
2467	568	1
2467	452	1
2468	2764	1
2468	2765	1
2469	576	1
2470	3929	1
2471	232	1
2472	36	1
2473	3223	1
2474	3930	1
2475	3931	1
2476	1303	1
2477	3932	1
2478	1162	1
2478	1163	1
2479	1997	1
2480	3933	1
2481	3934	1
2482	3935	1
2483	3936	1
2483	3937	1
2484	3938	1
2484	3939	1
2485	2883	1
2485	2884	1
2486	3940	1
2487	3031	1
2487	1791	1
2487	3033	1
2487	3941	1
2487	1788	1
2487	3035	1
2487	3036	1
2487	1790	1
2488	3942	1
2489	3278	1
2490	3943	1
2491	1423	1
2492	3944	1
2492	3945	1
2492	3946	1
2492	3947	1
2492	3948	1
2492	3949	1
2492	3950	1
2492	3951	1
2492	3952	1
2492	3953	1
2493	2186	1
2494	1186	1
2495	1691	1
2495	64	1
2495	65	1
2495	589	1
2496	3954	1
2497	3723	1
2498	689	1
2499	3955	1
2500	3956	1
2501	51	1
2502	3957	1
2503	3958	1
2504	2756	1
2505	3869	1
2506	2020	1
2506	2021	1
2506	2022	1
2506	2023	1
2506	2024	1
2506	2025	1
2506	2026	1
2506	2027	1
2506	2028	1
2506	2029	1
2507	2449	1
2507	333	1
2507	181	1
2507	877	1
2507	2450	1
2507	230	1
2507	57	1
2507	2451	1
2507	2452	1
2507	2453	1
2508	3959	1
2509	3960	1
2510	3961	1
2511	3962	1
2511	3963	1
2511	3964	1
2511	3965	1
2511	3966	1
2511	3967	1
2511	3968	1
2511	3969	1
2511	3970	1
2511	3971	1
2512	3972	1
2513	3973	1
2514	3974	1
2515	3975	1
2516	121	1
2517	3976	1
2517	3977	1
2518	3978	1
2518	3979	1
2518	3980	1
2519	3981	1
2520	2260	1
2521	118	1
2522	3982	1
2523	1058	1
2523	1059	1
2523	1060	1
2523	1061	1
2523	1062	1
2523	1063	1
2523	1064	1
2523	1065	1
2523	1066	1
2524	3983	1
2524	3984	1
2524	159	1
2524	3985	1
2524	3986	1
2524	3987	1
2524	3988	1
2524	3989	1
2524	3990	1
2524	3991	1
2525	3992	1
2526	637	1
2526	69	1
2526	898	1
2526	70	1
2526	899	1
2526	900	1
2526	635	1
2526	901	1
2526	59	1
2526	902	1
2527	36	1
2528	3993	1
2528	3994	1
2529	2348	1
2530	3995	1
2531	3996	1
2532	3997	1
2533	2990	1
2534	1077	1
2534	294	1
2535	3998	1
2536	3999	1
2537	4000	1
2537	4001	1
2537	4002	1
2537	4003	1
2537	4004	1
2537	4005	1
2537	4006	1
2537	4007	1
2537	4008	1
2537	4009	1
2538	1592	1
2539	4010	1
2540	314	1
2541	4011	1
2542	4012	1
2543	4013	1
2543	4014	1
2543	4015	1
2544	2092	1
2545	1209	1
2546	4016	1
2546	4017	1
2546	4018	1
2546	4019	1
2546	4020	1
2546	4021	1
2546	4022	1
2546	4023	1
2546	734	1
2546	4024	1
2547	2203	1
2547	817	1
2547	818	1
2547	1000	1
2548	1155	1
2548	1156	1
2549	3478	1
2549	3479	1
2549	3480	1
2549	3481	1
2549	3482	1
2549	3483	1
2549	3484	1
2549	3485	1
2549	3486	1
2549	3487	1
2550	2132	1
2551	4025	1
2552	4026	1
2553	4027	1
2554	4028	1
2555	4029	1
2556	4030	1
2556	4031	1
2556	4032	1
2556	224	1
2556	2383	1
2556	4033	1
2556	2452	1
2556	4034	1
2556	226	1
2556	231	1
2557	2364	1
2557	3566	1
2557	368	1
2557	369	1
2557	3567	1
2557	472	1
2557	3568	1
2558	4035	1
2559	917	1
2560	576	1
2561	3395	1
2562	4036	1
2562	142	1
2562	2160	1
2563	631	1
2563	46	1
2563	1488	1
2564	1393	1
2565	333	1
2565	927	1
2565	789	1
2565	142	1
2565	52	1
2565	2703	1
2565	1111	1
2566	704	1
2567	4037	1
2568	3489	1
2569	4038	1
2570	2342	1
2570	2343	1
2570	910	1
2571	1838	1
2572	4039	1
2573	4040	1
2574	2092	1
2575	4041	1
2575	4042	1
2575	4043	1
2575	4044	1
2575	4045	1
2575	4046	1
2575	4047	1
2575	4048	1
2575	4049	1
2575	4050	1
2576	4051	1
2577	4052	1
2577	4053	1
2577	4054	1
2577	4055	1
2577	4056	1
2577	4057	1
2577	4058	1
2577	4059	1
2577	4060	1
2577	4061	1
2578	4062	1
2579	4063	1
2580	1333	1
2581	4064	1
2582	4065	1
2583	576	1
2584	1710	1
2585	432	1
2586	4066	1
2586	4067	1
2586	4068	1
2586	4069	1
2587	4070	1
2588	1995	1
2589	519	1
2590	4071	1
2590	4072	1
2590	4073	1
2590	4074	1
2590	4075	1
2590	4076	1
2590	4077	1
2590	4078	1
2590	4079	1
2590	4080	1
2591	4081	1
2592	4082	1
2593	1473	1
2593	4083	1
2593	4084	1
2593	519	1
2593	4085	1
2594	4086	1
2595	4087	1
2596	4088	1
2597	3680	1
2598	4089	1
2599	4090	1
2600	3464	1
2601	56	1
2602	3093	1
2603	2622	1
2604	4091	1
2604	4092	1
2604	4093	1
2604	4094	1
2604	4095	1
2604	4096	1
2604	4097	1
2604	4098	1
2604	4099	1
2604	4100	1
2605	582	1
2605	251	1
2605	2207	1
2606	4101	1
2607	340	1
2608	4102	1
2608	1909	1
2608	4103	1
2608	4104	1
2608	1905	1
2608	4105	1
2609	206	1
2609	207	1
2609	208	1
2609	209	1
2609	210	1
2609	211	1
2609	212	1
2609	213	1
2609	202	1
2610	4106	1
2611	333	1
2611	1128	1
2611	180	1
2611	142	1
2611	4107	1
2611	1111	1
2611	1826	1
2612	4108	1
2613	3104	1
2613	3105	1
2613	3106	1
2614	2796	1
2615	4109	1
2616	4110	1
2617	4111	1
2618	4112	1
2619	4113	1
2619	4114	1
2619	4115	1
2620	4116	1
2620	287	1
2621	4117	1
2622	4118	1
2623	4119	1
2624	4120	1
2624	4121	1
2624	4122	1
2624	1047	1
2624	4123	1
2624	1051	1
2624	4124	1
2624	1244	1
2624	1053	1
2624	1247	1
2625	519	1
2626	658	1
2626	880	1
2626	3064	1
2626	4125	1
2626	2249	1
2626	1559	1
2626	1412	1
2626	881	1
2627	372	1
2628	3796	1
2629	1541	1
2629	4126	1
2629	4127	1
2629	4128	1
2630	422	1
2631	4129	1
2631	4130	1
2631	4131	1
2631	4132	1
2631	4133	1
2631	4134	1
2631	4135	1
2631	4136	1
2631	4137	1
2631	4138	1
2632	3564	1
2633	4139	1
2634	4140	1
2635	4141	1
2636	4142	1
2636	4143	1
2636	4144	1
2636	4145	1
2636	4146	1
2636	4147	1
2637	4148	1
2637	4149	1
2638	4150	1
2639	2401	1
2640	4151	1
2641	2925	1
2641	3851	1
2641	294	1
2641	287	1
2642	44	1
2642	45	1
2643	4152	1
2644	4153	1
2645	4154	1
2646	2312	1
2647	4155	1
2648	4156	1
2649	1114	1
2649	4157	1
2650	205	1
2650	910	1
2650	551	1
2651	873	1
2652	323	1
2652	324	1
2652	199	1
2652	325	1
2652	326	1
2652	327	1
2652	328	1
2652	329	1
2652	330	1
2652	331	1
2653	4158	1
2653	4159	1
2653	4160	1
2653	4161	1
2653	4162	1
2653	4163	1
2653	4164	1
2653	4165	1
2653	4166	1
2653	4167	1
2654	312	1
2654	430	1
2654	313	1
2654	1555	1
2655	3615	1
2655	3616	1
2655	3617	1
2655	3618	1
2655	3619	1
2655	3620	1
2655	3621	1
2656	2922	1
2656	952	1
2657	4168	1
2658	689	1
2659	2364	1
2659	369	1
2660	2756	1
2661	4169	1
2661	4170	1
2662	3427	1
2663	4171	1
2664	4172	1
2665	422	1
2666	4173	1
2667	4174	1
2668	4175	1
2669	1104	1
2670	4176	1
2671	1270	1
2672	4177	1
2673	4178	1
2674	4179	1
2675	52	1
2676	779	1
2677	4180	1
2677	4181	1
2677	4182	1
2678	901	1
2679	4183	1
2679	1982	1
2679	4184	1
2679	4185	1
2679	4186	1
2679	4187	1
2679	2659	1
2679	4188	1
2679	4189	1
2679	4190	1
2680	333	1
2680	1128	1
2680	1129	1
2680	1130	1
2680	1131	1
2680	1132	1
2680	1133	1
2680	1134	1
2681	4191	1
2681	4192	1
2681	4193	1
2681	2837	1
2681	4194	1
2681	356	1
2681	4195	1
2681	4196	1
2681	4197	1
2681	4198	1
2682	886	1
2682	4199	1
2683	2272	1
2683	2273	1
2683	2274	1
2683	810	1
2684	1120	1
2685	3361	1
2685	3362	1
2685	3363	1
2685	3364	1
2685	3365	1
2685	3366	1
2685	3367	1
2685	3368	1
2685	3369	1
2685	3370	1
2686	1232	1
2686	1233	1
2686	1234	1
2686	46	1
2687	838	1
2687	839	1
2687	840	1
2688	287	1
2689	3614	1
2689	881	1
2690	430	1
2691	205	1
2691	1000	1
2691	551	1
2692	4200	1
2693	4201	1
2694	4202	1
2694	4203	1
2694	4204	1
2694	4205	1
2694	4206	1
2694	4207	1
2694	4208	1
2695	4209	1
2696	4210	1
2697	723	1
2698	314	1
2699	4211	1
2699	4212	1
2699	4213	1
2699	4214	1
2700	785	1
2701	4215	1
2702	3093	1
2703	4216	1
2704	4217	1
2705	4218	1
2706	659	1
2707	65	1
2708	4219	1
2708	1278	1
2708	4220	1
2709	4221	1
2709	4222	1
2709	4223	1
2710	4224	1
2711	4225	1
2712	4226	1
2713	4227	1
2714	953	1
2715	47	1
2716	1888	1
2716	4228	1
2717	1514	1
2718	79	1
2718	877	1
2718	54	1
2718	81	1
2718	56	1
2718	878	1
2718	791	1
2718	60	1
2718	498	1
2718	85	1
2719	4229	1
2720	1336	1
2721	4230	1
2722	1026	1
2723	4231	1
2723	4232	1
2724	4233	1
2725	4234	1
2726	4235	1
2727	3905	1
2728	4236	1
2729	4237	1
2730	1233	1
2731	4238	1
2732	2684	1
2733	3915	1
2734	4186	1
2735	4239	1
2736	4240	1
2737	4241	1
2737	4242	1
2737	4243	1
2737	4244	1
2737	4245	1
2738	4246	1
2739	2658	1
2740	3905	1
2741	1861	1
2741	4247	1
2742	1719	1
2742	1720	1
2743	2192	1
2744	333	1
2745	785	1
2746	4248	1
2746	4249	1
2746	4250	1
2746	4251	1
2746	4252	1
2746	4253	1
2746	4254	1
2746	4255	1
2746	4256	1
2746	4257	1
2747	4258	1
2747	3829	1
2747	4259	1
2748	4260	1
2749	4261	1
2750	3905	1
2751	2895	1
2751	2896	1
2751	2897	1
2751	2898	1
2751	2899	1
2751	2900	1
2751	2901	1
2751	2902	1
2751	2903	1
2751	2904	1
2752	4262	1
2753	4263	1
2754	4264	1
2754	4265	1
2754	4266	1
2754	4267	1
2754	4268	1
2754	4269	1
2754	287	1
2754	4270	1
2754	4271	1
2754	4272	1
2755	3961	1
2756	4111	1
2757	142	1
2758	4273	1
2759	3282	1
2760	4274	1
2761	592	1
2761	4275	1
2761	4276	1
2761	4277	1
2761	4278	1
2761	4279	1
2761	4280	1
2761	1225	1
2761	4281	1
2761	4282	1
2762	840	1
2763	3235	1
2764	4283	1
2765	4284	1
2766	4285	1
2767	1162	1
2767	1163	1
2768	2084	1
2769	61	1
2770	1788	1
2771	4286	1
2772	76	1
2773	818	1
2774	3502	1
2775	4287	1
2776	4288	1
2777	4289	1
2778	4290	1
2779	4291	1
2780	4292	1
2781	4293	1
2782	4294	1
2783	1889	1
2783	1280	1
2784	2132	1
2785	3698	1
2786	664	1
2787	1423	1
2788	2046	1
2789	4295	1
2790	1952	1
2790	1953	1
2791	1279	1
2792	2900	1
2793	1109	1
2794	4296	1
2795	4297	1
2796	3171	1
2797	2489	1
2798	4298	1
2799	4299	1
2799	2223	1
2799	41	1
2799	281	1
2799	279	1
2799	280	1
2799	4300	1
2799	4301	1
2800	4302	1
2801	4303	1
2801	4304	1
2801	4305	1
2802	4306	1
2803	4307	1
2804	205	1
2804	910	1
2804	551	1
2805	4308	1
2806	4309	1
2806	2162	1
2807	4310	1
2808	4311	1
2809	551	1
2810	4312	1
2810	4313	1
2810	4314	1
2810	2250	1
2811	4315	1
2812	4316	1
2813	3809	1
2814	507	1
2814	508	1
2814	509	1
2814	510	1
2814	511	1
2814	512	1
2814	513	1
2814	514	1
2814	515	1
2815	2	1
2816	2588	1
2817	859	1
2817	3756	1
2817	857	1
2817	2447	1
2818	4317	1
2819	2132	1
2820	4318	1
2821	4319	1
2821	4320	1
2821	4321	1
2821	4322	1
2821	3558	1
2822	3503	1
2823	1303	1
2823	6	1
2823	590	1
2824	1786	1
2825	4323	1
2825	4324	1
2826	4325	1
2827	4326	1
2828	4299	1
2828	3590	1
2828	3800	1
2828	4327	1
2828	4328	1
2828	280	1
2828	4329	1
2828	4330	1
2828	281	1
2828	3682	1
2829	880	1
2830	93	1
2831	4331	1
2831	4332	1
2831	4333	1
2832	4334	1
2833	4335	1
2834	1781	1
2835	4336	1
2836	3519	1
2837	909	1
2837	816	1
2837	451	1
2837	910	1
2838	4337	1
2839	2925	1
2839	3851	1
2839	294	1
2839	287	1
2840	4338	1
2841	2589	1
2841	1353	1
2842	4339	1
2843	4340	1
2843	4341	1
2843	4342	1
2843	4343	1
2843	4344	1
2843	4345	1
2843	4346	1
2843	4347	1
2843	4348	1
2843	4349	1
2844	1784	1
2844	4350	1
2844	4351	1
2844	3503	1
2845	2	1
2846	2349	1
2846	2350	1
2846	2351	1
2846	2352	1
2846	2353	1
2846	2354	1
2846	2355	1
2846	2356	1
2846	2357	1
2846	2358	1
2847	53	1
2847	182	1
2848	4352	1
2849	4353	1
2849	3995	1
2849	4354	1
2849	4355	1
2850	3882	1
2851	4250	1
2852	4356	1
2853	3263	1
2853	3264	1
2853	1026	1
2854	1359	1
2855	3218	1
2855	3219	1
2856	1369	1
2856	972	1
2856	1370	1
2857	4357	1
2858	4358	1
2859	1367	1
2859	839	1
2860	3087	1
2861	451	1
2862	36	1
2863	4359	1
2863	4360	1
2863	4361	1
2863	4362	1
2863	1727	1
2863	4363	1
2863	4364	1
2863	4365	1
2863	4366	1
2864	574	1
2864	617	1
2865	35	1
2866	3913	1
2867	1006	1
2868	4367	1
2869	4368	1
2870	4369	1
2870	834	1
2871	576	1
2871	574	1
2872	4370	1
2873	4371	1
2874	52	1
2875	888	1
2876	837	1
2876	1391	1
2877	4372	1
2877	4373	1
2877	4374	1
2877	4375	1
2877	4376	1
2877	4377	1
2877	4378	1
2877	4379	1
2877	4380	1
2877	4381	1
2878	1145	1
2879	4382	1
2880	4383	1
2881	811	1
2882	4384	1
2883	4385	1
2883	4386	1
2883	4387	1
2883	4388	1
2883	4389	1
2883	4390	1
2883	4391	1
2883	4392	1
2883	4393	1
2883	4394	1
2884	4395	1
2885	4396	1
2885	4397	1
2886	85	1
2887	4398	1
2888	1101	1
2888	1102	1
2888	542	1
2888	1103	1
2889	2883	1
2889	2884	1
2890	60	1
2891	4399	1
2891	4400	1
2891	4401	1
2892	1303	1
2893	4402	1
2894	4403	1
2895	369	1
2896	4404	1
2897	4405	1
2897	4406	1
2897	4407	1
2897	4408	1
2897	4409	1
2897	4410	1
2897	4411	1
2897	4412	1
2897	4413	1
2897	4414	1
2898	4415	1
2898	4416	1
2898	4417	1
2898	4418	1
2898	4419	1
2898	4420	1
2898	4421	1
2898	4422	1
2898	4423	1
2898	4424	1
2899	4425	1
2900	4426	1
2901	873	1
2902	4427	1
2903	4428	1
2904	4429	1
2904	4430	1
2904	4431	1
2904	4432	1
2904	4433	1
2904	4434	1
2904	4435	1
2905	4436	1
2906	4437	1
2907	4438	1
2907	4439	1
2907	4440	1
2907	4441	1
2907	4442	1
2907	4443	1
2907	4444	1
2907	4445	1
2907	4446	1
2907	4447	1
2908	205	1
2908	910	1
2908	551	1
2909	4448	1
2910	4449	1
2911	4450	1
2911	4451	1
2911	4452	1
2911	4453	1
2911	4454	1
2911	4455	1
2911	4456	1
2911	4457	1
2911	4458	1
2911	4459	1
2912	4460	1
2913	3749	1
2914	4461	1
2914	4462	1
2914	4463	1
2915	62	1
2915	1028	1
2916	3406	1
2916	287	1
2917	3017	1
2918	4464	1
2919	4465	1
2920	1691	1
2920	4466	1
2920	1693	1
2921	258	1
2922	4467	1
2922	4468	1
2923	314	1
2924	4469	1
2924	4470	1
2924	4471	1
2924	4472	1
2924	4473	1
2924	4204	1
2924	4474	1
2924	4475	1
2924	4476	1
2924	4477	1
2925	4478	1
2926	142	1
2927	4479	1
2928	1998	1
2929	4480	1
2930	3242	1
2931	1915	1
2932	232	1
2932	4481	1
2933	63	1
2933	64	1
2933	65	1
2933	66	1
2934	4482	1
2935	2290	1
2935	2291	1
2935	2292	1
2935	2293	1
2935	1210	1
2935	2294	1
2935	2295	1
2935	2296	1
2935	1330	1
2935	2096	1
2936	4483	1
2937	1346	1
2938	4484	1
2938	4485	1
2938	4486	1
2938	4487	1
2938	4488	1
2938	4489	1
2938	4490	1
2938	4491	1
2938	4492	1
2938	4493	1
2939	4494	1
2939	4495	1
2939	4496	1
2940	4497	1
2941	299	1
2942	4498	1
2943	4499	1
2943	4500	1
2943	4501	1
2944	813	1
2944	811	1
2944	4502	1
2945	4503	1
2946	4504	1
2947	1764	1
2947	4505	1
2947	1349	1
2947	2749	1
2947	4506	1
2947	4507	1
2947	4508	1
2948	1444	1
2949	1270	1
2949	4509	1
2949	785	1
2949	4510	1
2949	4511	1
2950	1005	1
2951	4512	1
2952	1410	1
2953	4513	1
2953	4514	1
2953	4515	1
2953	4516	1
2953	4517	1
2953	4518	1
2953	4519	1
2953	4520	1
2953	4521	1
2953	4522	1
2954	181	1
2954	183	1
2954	142	1
2954	4523	1
2954	2453	1
2954	188	1
2954	4524	1
2955	602	1
2955	603	1
2955	604	1
2955	605	1
2955	606	1
2955	607	1
2955	608	1
2955	609	1
2955	610	1
2955	611	1
2956	294	1
2957	4525	1
2958	4526	1
2959	4527	1
2960	4528	1
2961	4529	1
2962	4530	1
2963	2223	1
2964	922	1
2965	4531	1
2966	4532	1
2967	4533	1
2968	2440	1
2969	811	1
2970	816	1
2970	817	1
2970	910	1
2971	4534	1
2972	4535	1
2972	1236	1
2972	369	1
2972	3888	1
2973	4536	1
2974	581	1
2975	4537	1
2975	4538	1
2975	4539	1
2975	4540	1
2975	4541	1
2975	4542	1
2975	4543	1
2975	4544	1
2975	4545	1
2976	857	1
2976	4546	1
2976	4547	1
2976	4548	1
2976	4549	1
2976	4550	1
2976	4551	1
2976	4552	1
2976	4553	1
2976	4554	1
2977	4555	1
2978	2456	1
2979	4556	1
2980	4557	1
2981	0	1
2982	4558	1
2982	929	1
2983	4559	1
2983	4560	1
2983	4561	1
2984	1488	1
2985	3388	1
2986	118	1
2987	191	1
2988	4562	1
2988	4563	1
2988	4564	1
2988	4565	1
2988	4566	1
2988	4567	1
2988	4568	1
2988	4569	1
2988	4570	1
2989	4571	1
2989	899	1
2989	4572	1
2990	4573	1
2991	1556	1
2992	1338	1
2993	79	1
2994	4574	1
2995	3329	1
2995	3330	1
2996	4575	1
2997	4576	1
2998	142	1
2999	4577	1
3000	4578	1
3001	579	1
3002	8	1
3003	4579	1
3004	2159	1
3005	1505	1
3006	583	1
3007	2776	1
3007	4580	1
3007	613	1
3008	4581	1
3009	4582	1
3009	4583	1
3010	4584	1
3010	4585	1
3010	4586	1
3010	4587	1
3010	4588	1
3010	4589	1
3011	369	1
3012	3231	1
3013	650	1
3014	4590	1
3015	2179	1
3016	255	1
3017	881	1
3017	658	1
3017	1410	1
3018	121	1
3019	1337	1
3020	4591	1
3020	4592	1
3020	4593	1
3020	1434	1
3020	4594	1
3020	4595	1
3020	3325	1
3020	4596	1
